HH_ID,Region,HHsize,HHincome,Car_own,NofTrips,Walk_share,Auto_share,Transit_share,Taxi_share,Bike_share,Other_share
17120,B,3,6,2,7,1.00,0.00,0.00,0.00,0.00,0.00
17205,B,3,4,1,10,0.60,0.00,0.40,0.00,0.00,0.00
23416,B,3,2,1,12,0.67,0.00,0.33,0.00,0.00,0.00
23423,B,3,4,1,12,0.50,0.17,0.33,0.00,0.00,0.00
23502,B,3,3,1,18,0.67,0.00,0.33,0.00,0.00,0.00
23504,B,3,4,1,16,0.50,0.19,0.31,0.00,0.00,0.00
30148,B,2,1,1,8,0.50,0.00,0.50,0.00,0.00,0.00
30227,B,1,4,1,2,1.00,0.00,0.00,0.00,0.00,0.00
30336,B,2,3,2,5,0.00,0.00,0.00,0.00,1.00,0.00
30380,A,2,3,1,5,0.80,0.20,0.00,0.00,0.00,0.00
30446,B,3,4,1,9,0.44,0.56,0.00,0.00,0.00,0.00
30536,B,4,4,1,8,0.75,0.25,0.00,0.00,0.00,0.00
30579,B,1,3,2,4,1.00,0.00,0.00,0.00,0.00,0.00
30633,A,1,3,1,2,0.00,1.00,0.00,0.00,0.00,0.00
30684,B,1,3,1,4,1.00,0.00,0.00,0.00,0.00,0.00
30746,B,2,4,1,15,0.53,0.00,0.47,0.00,0.00,0.00
30836,B,1,3,1,2,1.00,0.00,0.00,0.00,0.00,0.00
30876,B,2,4,1,4,0.50,0.50,0.00,0.00,0.00,0.00
30957,A,3,4,1,9,0.44,0.22,0.22,0.11,0.00,0.00
31034,B,2,4,1,5,1.00,0.00,0.00,0.00,0.00,0.00
31068,B,2,4,1,4,1.00,0.00,0.00,0.00,0.00,0.00
31218,B,2,3,1,4,1.00,0.00,0.00,0.00,0.00,0.00
31250,B,1,3,2,8,0.50,0.00,0.50,0.00,0.00,0.00
31386,B,1,2,2,2,0.00,0.00,1.00,0.00,0.00,0.00
31407,B,2,1,2,2,1.00,0.00,0.00,0.00,0.00,0.00
31460,B,2,3,2,6,0.67,0.00,0.33,0.00,0.00,0.00
31520,B,2,4,2,16,0.50,0.00,0.50,0.00,0.00,0.00
31547,A,1,3,1,2,0.00,1.00,0.00,0.00,0.00,0.00
31629,B,1,3,1,2,1.00,0.00,0.00,0.00,0.00,0.00
31648,B,1,2,2,2,0.00,0.00,0.00,0.00,1.00,0.00
31697,A,2,4,1,6,0.67,0.33,0.00,0.00,0.00,0.00
31749,B,2,2,1,6,0.67,0.00,0.33,0.00,0.00,0.00
31796,B,1,3,1,6,0.67,0.00,0.33,0.00,0.00,0.00
31909,A,3,4,1,4,0.00,1.00,0.00,0.00,0.00,0.00
31978,A,2,4,1,4,0.00,1.00,0.00,0.00,0.00,0.00
32031,A,4,4,1,6,0.33,0.67,0.00,0.00,0.00,0.00
32057,A,1,4,1,2,0.00,1.00,0.00,0.00,0.00,0.00
32095,A,1,4,1,2,0.00,1.00,0.00,0.00,0.00,0.00
32205,B,1,2,2,2,1.00,0.00,0.00,0.00,0.00,0.00
32275,B,1,1,2,10,0.40,0.00,0.60,0.00,0.00,0.00
32294,B,1,1,2,3,1.00,0.00,0.00,0.00,0.00,0.00
32355,B,1,3,2,6,0.67,0.00,0.33,0.00,0.00,0.00
32378,B,1,4,1,4,0.50,0.50,0.00,0.00,0.00,0.00
32397,B,1,3,1,2,0.00,1.00,0.00,0.00,0.00,0.00
32891,B,1,1,2,3,1.00,0.00,0.00,0.00,0.00,0.00
32917,B,1,1,2,6,0.67,0.00,0.33,0.00,0.00,0.00
32966,B,5,5,1,4,0.00,1.00,0.00,0.00,0.00,0.00
33005,B,3,5,1,4,0.00,0.50,0.00,0.50,0.00,0.00
33054,A,3,5,1,10,0.40,0.20,0.40,0.00,0.00,0.00
33113,C,2,5,1,2,0.00,1.00,0.00,0.00,0.00,0.00
33204,B,1,3,1,13,0.54,0.00,0.46,0.00,0.00,0.00
33248,A,2,4,1,8,0.50,0.38,0.13,0.00,0.00,0.00
33329,A,2,3,1,13,0.38,0.23,0.38,0.00,0.00,0.00
33366,B,2,2,2,9,0.78,0.00,0.22,0.00,0.00,0.00
33387,B,4,5,1,21,0.48,0.10,0.43,0.00,0.00,0.00
33393,B,1,5,1,2,1.00,0.00,0.00,0.00,0.00,0.00
33438,A,3,4,1,19,0.58,0.11,0.32,0.00,0.00,0.00
33458,B,4,3,1,10,0.80,0.00,0.20,0.00,0.00,0.00
33491,B,3,3,1,4,0.50,0.50,0.00,0.00,0.00,0.00
33520,B,3,3,1,2,1.00,0.00,0.00,0.00,0.00,0.00
33535,B,3,4,2,23,0.57,0.00,0.43,0.00,0.00,0.00
33571,B,4,4,1,12,0.50,0.17,0.33,0.00,0.00,0.00
33577,B,2,3,1,7,0.71,0.29,0.00,0.00,0.00,0.00
33614,B,3,3,2,27,0.59,0.00,0.41,0.00,0.00,0.00
33634,A,3,3,1,6,0.00,0.83,0.17,0.00,0.00,0.00
33692,B,2,3,2,12,0.67,0.00,0.33,0.00,0.00,0.00
33729,A,4,4,1,19,0.32,0.11,0.58,0.00,0.00,0.00
33756,B,2,4,2,16,0.63,0.00,0.38,0.00,0.00,0.00
33830,A,2,3,1,5,0.00,0.40,0.00,0.00,0.60,0.00
34011,A,3,4,1,2,0.00,1.00,0.00,0.00,0.00,0.00
34074,A,4,5,1,18,0.56,0.11,0.33,0.00,0.00,0.00
34099,B,1,4,1,4,0.50,0.50,0.00,0.00,0.00,0.00
34178,A,2,3,1,4,0.00,1.00,0.00,0.00,0.00,0.00
34250,B,2,4,2,18,0.44,0.00,0.56,0.00,0.00,0.00
34369,B,4,5,1,26,0.62,0.08,0.31,0.00,0.00,0.00
34413,B,2,4,1,16,0.63,0.00,0.38,0.00,0.00,0.00
34470,B,4,5,1,23,0.57,0.09,0.35,0.00,0.00,0.00
34528,B,1,3,2,11,0.64,0.00,0.36,0.00,0.00,0.00
34567,B,2,4,2,22,0.64,0.00,0.36,0.00,0.00,0.00
34637,B,4,5,1,22,0.45,0.09,0.32,0.00,0.14,0.00
34686,A,3,4,1,10,0.40,0.40,0.20,0.00,0.00,0.00
34720,B,1,3,2,7,0.71,0.00,0.29,0.00,0.00,0.00
34791,B,4,4,2,23,0.57,0.00,0.43,0.00,0.00,0.00
34857,B,2,4,1,8,0.50,0.25,0.25,0.00,0.00,0.00
34900,B,3,4,1,4,0.00,0.50,0.00,0.50,0.00,0.00
34941,B,2,4,1,11,0.45,0.18,0.36,0.00,0.00,0.00
34976,B,4,4,1,20,0.85,0.00,0.15,0.00,0.00,0.00
35122,B,4,4,1,22,0.55,0.27,0.18,0.00,0.00,0.00
35217,A,2,2,1,10,0.60,0.20,0.20,0.00,0.00,0.00
35232,A,4,5,1,20,0.80,0.10,0.10,0.00,0.00,0.00
35276,B,1,1,2,8,0.50,0.00,0.50,0.00,0.00,0.00
35444,B,1,1,2,11,0.64,0.00,0.36,0.00,0.00,0.00
35519,B,2,4,1,8,0.50,0.25,0.25,0.00,0.00,0.00
35524,B,3,4,2,26,0.50,0.00,0.50,0.00,0.00,0.00
35546,B,1,3,2,2,1.00,0.00,0.00,0.00,0.00,0.00
35555,B,3,3,1,4,0.50,0.50,0.00,0.00,0.00,0.00
35600,B,2,2,2,8,0.25,0.00,0.50,0.00,0.25,0.00
35610,B,1,3,2,6,0.67,0.00,0.33,0.00,0.00,0.00
35626,B,1,3,1,2,1.00,0.00,0.00,0.00,0.00,0.00
35692,B,4,5,1,34,0.59,0.03,0.38,0.00,0.00,0.00
35748,B,4,4,1,10,0.50,0.30,0.20,0.00,0.00,0.00
35825,A,4,4,1,20,0.40,0.20,0.30,0.10,0.00,0.00
35856,B,4,4,1,27,0.52,0.07,0.41,0.00,0.00,0.00
35884,B,2,4,2,20,0.45,0.00,0.45,0.10,0.00,0.00
35917,B,1,3,2,11,0.64,0.00,0.36,0.00,0.00,0.00
35969,A,4,4,1,16,0.31,0.13,0.38,0.00,0.19,0.00
36005,B,4,5,1,27,0.41,0.15,0.44,0.00,0.00,0.00
36056,A,4,4,1,17,0.47,0.12,0.24,0.00,0.18,0.00
36092,B,3,4,1,7,0.71,0.29,0.00,0.00,0.00,0.00
36098,A,2,3,1,6,0.33,0.67,0.00,0.00,0.00,0.00
36164,A,1,3,1,2,0.00,1.00,0.00,0.00,0.00,0.00
36225,B,3,4,1,16,0.50,0.00,0.50,0.00,0.00,0.00
36249,B,2,3,2,12,0.50,0.00,0.33,0.00,0.17,0.00
36264,B,1,3,2,7,0.57,0.00,0.43,0.00,0.00,0.00
36315,B,1,2,2,10,0.40,0.00,0.60,0.00,0.00,0.00
36394,B,3,3,1,12,0.33,0.17,0.50,0.00,0.00,0.00
36408,B,2,3,2,18,0.44,0.00,0.44,0.11,0.00,0.00
36448,B,1,1,2,2,1.00,0.00,0.00,0.00,0.00,0.00
36456,B,2,3,1,13,0.38,0.00,0.62,0.00,0.00,0.00
36498,B,1,4,2,8,0.50,0.00,0.50,0.00,0.00,0.00
36552,B,3,4,1,12,0.67,0.17,0.17,0.00,0.00,0.00
36614,B,3,4,1,16,0.63,0.00,0.38,0.00,0.00,0.00
36639,B,3,4,2,2,1.00,0.00,0.00,0.00,0.00,0.00
36656,B,2,4,1,8,0.50,0.25,0.25,0.00,0.00,0.00
36672,A,3,4,1,10,0.60,0.20,0.20,0.00,0.00,0.00
37089,B,3,4,1,8,0.50,0.25,0.25,0.00,0.00,0.00
37147,A,2,4,1,2,0.00,1.00,0.00,0.00,0.00,0.00
37205,A,1,3,1,4,0.00,1.00,0.00,0.00,0.00,0.00
37226,B,1,3,2,4,0.25,0.00,0.50,0.00,0.25,0.00
37239,B,2,4,1,8,0.50,0.25,0.13,0.13,0.00,0.00
37257,A,2,3,1,2,0.00,1.00,0.00,0.00,0.00,0.00
37326,B,1,2,2,8,0.50,0.00,0.50,0.00,0.00,0.00
37359,B,1,2,2,2,1.00,0.00,0.00,0.00,0.00,0.00
37360,B,4,4,1,12,0.67,0.00,0.33,0.00,0.00,0.00
37411,A,4,5,1,10,0.60,0.20,0.20,0.00,0.00,0.00
37426,A,3,5,1,10,0.40,0.40,0.20,0.00,0.00,0.00
37479,A,4,5,1,6,0.67,0.33,0.00,0.00,0.00,0.00
37674,B,2,4,1,2,0.00,1.00,0.00,0.00,0.00,0.00
37734,B,3,5,1,4,0.00,0.50,0.50,0.00,0.00,0.00
37759,C,1,4,2,3,0.33,0.00,0.67,0.00,0.00,0.00
39299,C,1,2,2,2,1.00,0.00,0.00,0.00,0.00,0.00
39349,C,4,5,1,18,0.56,0.00,0.44,0.00,0.00,0.00
39373,C,2,4,1,4,1.00,0.00,0.00,0.00,0.00,0.00
39453,B,4,5,1,12,0.83,0.17,0.00,0.00,0.00,0.00
39561,A,3,4,1,8,0.75,0.00,0.25,0.00,0.00,0.00
39789,A,1,3,2,7,0.71,0.00,0.29,0.00,0.00,0.00
39899,A,4,5,1,15,0.73,0.00,0.27,0.00,0.00,0.00
40126,B,4,5,1,27,0.56,0.07,0.37,0.00,0.00,0.00
40219,B,3,4,1,20,0.55,0.05,0.40,0.00,0.00,0.00
40324,B,1,3,1,2,0.00,1.00,0.00,0.00,0.00,0.00
40422,B,4,4,1,16,0.25,0.50,0.25,0.00,0.00,0.00
40808,A,2,4,2,9,0.44,0.00,0.22,0.00,0.33,0.00
40835,C,1,4,1,2,0.00,1.00,0.00,0.00,0.00,0.00
40865,A,3,4,1,6,0.33,0.33,0.00,0.00,0.33,0.00
40894,A,3,4,1,27,0.52,0.00,0.48,0.00,0.00,0.00
40909,A,3,3,1,10,0.80,0.00,0.20,0.00,0.00,0.00
40926,A,2,5,1,6,0.00,1.00,0.00,0.00,0.00,0.00
40947,A,1,4,1,2,0.00,1.00,0.00,0.00,0.00,0.00
40949,A,2,4,1,8,0.50,0.00,0.25,0.00,0.00,0.25
41453,A,2,3,2,8,0.75,0.00,0.25,0.00,0.00,0.00
41472,A,1,4,1,2,0.00,1.00,0.00,0.00,0.00,0.00
41527,A,3,4,1,14,0.71,0.00,0.29,0.00,0.00,0.00
43614,A,4,5,1,6,0.67,0.33,0.00,0.00,0.00,0.00
43634,A,1,3,2,6,0.67,0.00,0.33,0.00,0.00,0.00
43672,B,2,3,1,8,0.50,0.25,0.25,0.00,0.00,0.00
43722,A,3,3,2,10,0.60,0.00,0.40,0.00,0.00,0.00
43779,B,3,4,1,4,0.25,0.50,0.00,0.25,0.00,0.00
43849,A,2,3,1,10,0.60,0.00,0.40,0.00,0.00,0.00
43892,B,3,4,1,4,0.50,0.50,0.00,0.00,0.00,0.00
43934,A,4,5,1,8,0.75,0.00,0.00,0.25,0.00,0.00
43977,B,4,4,1,8,0.50,0.50,0.00,0.00,0.00,0.00
43997,A,1,1,2,4,0.75,0.00,0.25,0.00,0.00,0.00
44030,A,4,4,1,10,1.00,0.00,0.00,0.00,0.00,0.00
44045,A,3,4,1,14,0.86,0.00,0.14,0.00,0.00,0.00
44065,A,1,1,2,3,1.00,0.00,0.00,0.00,0.00,0.00
44081,A,2,3,1,2,1.00,0.00,0.00,0.00,0.00,0.00
44095,A,2,4,1,4,0.50,0.00,0.50,0.00,0.00,0.00
44099,A,1,3,1,2,1.00,0.00,0.00,0.00,0.00,0.00
44132,B,4,5,1,4,0.00,0.50,0.50,0.00,0.00,0.00
44142,B,2,3,1,4,0.00,0.50,0.50,0.00,0.00,0.00
44165,A,2,3,1,2,1.00,0.00,0.00,0.00,0.00,0.00
44170,A,4,5,2,10,0.40,0.00,0.60,0.00,0.00,0.00
44181,A,1,3,1,2,0.00,1.00,0.00,0.00,0.00,0.00
44221,A,4,4,1,6,0.67,0.33,0.00,0.00,0.00,0.00
44224,A,2,3,1,10,0.80,0.20,0.00,0.00,0.00,0.00
44245,B,3,4,2,4,0.50,0.50,0.00,0.00,0.00,0.00
44350,A,3,4,1,10,0.40,0.20,0.40,0.00,0.00,0.00
44359,A,4,5,1,7,0.43,0.00,0.29,0.29,0.00,0.00
44401,A,4,5,1,9,0.44,0.22,0.11,0.22,0.00,0.00
44405,B,3,5,1,7,0.14,0.29,0.57,0.00,0.00,0.00
44425,A,1,2,2,2,1.00,0.00,0.00,0.00,0.00,0.00
44451,B,2,4,1,4,0.00,0.50,0.00,0.50,0.00,0.00
44455,A,1,3,2,7,0.71,0.00,0.29,0.00,0.00,0.00
44491,A,2,4,1,4,1.00,0.00,0.00,0.00,0.00,0.00
44510,A,1,3,1,2,1.00,0.00,0.00,0.00,0.00,0.00
44515,A,4,5,1,9,0.33,0.22,0.22,0.22,0.00,0.00
44544,A,1,3,1,6,0.67,0.00,0.33,0.00,0.00,0.00
44569,A,4,5,1,13,0.54,0.00,0.46,0.00,0.00,0.00
44582,A,1,3,1,9,0.67,0.00,0.33,0.00,0.00,0.00
44599,B,2,3,1,4,0.50,0.50,0.00,0.00,0.00,0.00
44672,A,2,5,1,13,0.69,0.00,0.31,0.00,0.00,0.00
44716,A,2,3,1,4,1.00,0.00,0.00,0.00,0.00,0.00
44765,A,2,4,1,12,0.67,0.00,0.33,0.00,0.00,0.00
44822,A,4,5,1,18,0.78,0.00,0.22,0.00,0.00,0.00
44887,A,2,3,1,7,0.43,0.43,0.14,0.00,0.00,0.00
44890,A,1,3,2,6,0.67,0.00,0.33,0.00,0.00,0.00
44984,A,3,4,1,21,0.62,0.00,0.38,0.00,0.00,0.00
44987,A,2,3,2,4,1.00,0.00,0.00,0.00,0.00,0.00
44995,A,2,3,1,12,0.50,0.00,0.50,0.00,0.00,0.00
45003,A,1,4,1,2,0.00,0.00,0.00,0.00,1.00,0.00
45009,A,1,3,2,12,0.67,0.00,0.33,0.00,0.00,0.00
45012,A,1,2,2,2,1.00,0.00,0.00,0.00,0.00,0.00
45016,A,1,2,2,7,0.71,0.00,0.29,0.00,0.00,0.00
45019,A,1,2,2,2,1.00,0.00,0.00,0.00,0.00,0.00
45021,A,1,2,2,2,1.00,0.00,0.00,0.00,0.00,0.00
45022,A,1,2,2,2,1.00,0.00,0.00,0.00,0.00,0.00
45040,A,1,3,1,7,0.71,0.00,0.29,0.00,0.00,0.00
45043,A,1,3,1,4,0.75,0.00,0.00,0.00,0.00,0.25
45045,A,2,3,1,2,1.00,0.00,0.00,0.00,0.00,0.00
45050,A,3,4,1,12,0.83,0.00,0.17,0.00,0.00,0.00
45052,B,2,3,1,4,0.50,0.50,0.00,0.00,0.00,0.00
45056,A,2,2,1,15,0.67,0.00,0.33,0.00,0.00,0.00
45059,B,2,3,1,8,0.50,0.25,0.25,0.00,0.00,0.00
45063,A,2,3,1,14,0.71,0.00,0.29,0.00,0.00,0.00
45067,A,1,2,2,6,0.67,0.00,0.33,0.00,0.00,0.00
45070,B,3,3,1,11,0.55,0.18,0.27,0.00,0.00,0.00
46069,B,3,3,1,16,0.50,0.00,0.50,0.00,0.00,0.00
46070,B,5,5,1,6,0.67,0.00,0.33,0.00,0.00,0.00
46071,B,3,3,1,8,0.75,0.00,0.25,0.00,0.00,0.00
46072,B,2,5,1,8,0.50,0.00,0.50,0.00,0.00,0.00
46073,A,2,4,1,5,0.40,0.60,0.00,0.00,0.00,0.00
46074,A,3,4,1,10,0.20,0.40,0.40,0.00,0.00,0.00
46075,A,3,4,1,10,0.60,0.20,0.20,0.00,0.00,0.00
46076,B,1,1,2,2,1.00,0.00,0.00,0.00,0.00,0.00
46077,B,3,4,2,16,0.63,0.00,0.38,0.00,0.00,0.00
46078,B,3,3,1,4,0.50,0.50,0.00,0.00,0.00,0.00
46087,B,2,3,2,4,0.50,0.50,0.00,0.00,0.00,0.00
46091,B,2,4,2,8,0.75,0.00,0.25,0.00,0.00,0.00
46095,B,3,5,2,4,1.00,0.00,0.00,0.00,0.00,0.00
46100,B,4,4,1,10,0.60,0.00,0.40,0.00,0.00,0.00
46105,B,1,1,2,8,0.50,0.00,0.50,0.00,0.00,0.00
46110,B,1,2,2,6,0.67,0.00,0.33,0.00,0.00,0.00
46191,B,3,3,2,16,0.63,0.00,0.38,0.00,0.00,0.00
46197,B,3,2,1,4,1.00,0.00,0.00,0.00,0.00,0.00
46200,B,3,3,1,2,1.00,0.00,0.00,0.00,0.00,0.00
46202,B,4,4,1,14,0.57,0.14,0.29,0.00,0.00,0.00
46205,B,4,4,2,8,0.75,0.25,0.00,0.00,0.00,0.00
46207,B,4,9,1,12,0.50,0.17,0.33,0.00,0.00,0.00
46210,B,3,3,1,16,0.63,0.00,0.38,0.00,0.00,0.00
46213,B,3,3,1,2,1.00,0.00,0.00,0.00,0.00,0.00
46223,B,1,3,2,2,1.00,0.00,0.00,0.00,0.00,0.00
46224,B,3,4,1,6,1.00,0.00,0.00,0.00,0.00,0.00
46231,B,1,1,2,2,1.00,0.00,0.00,0.00,0.00,0.00
46235,B,1,1,2,3,1.00,0.00,0.00,0.00,0.00,0.00
46239,B,1,1,2,2,1.00,0.00,0.00,0.00,0.00,0.00
46240,B,1,1,2,2,1.00,0.00,0.00,0.00,0.00,0.00
46246,B,1,4,2,2,1.00,0.00,0.00,0.00,0.00,0.00
46307,A,3,2,1,2,0.00,1.00,0.00,0.00,0.00,0.00
46322,B,1,3,2,12,0.67,0.00,0.33,0.00,0.00,0.00
46326,B,3,3,1,10,0.80,0.00,0.20,0.00,0.00,0.00
46344,C,2,4,1,7,0.71,0.00,0.29,0.00,0.00,0.00
46349,C,1,2,2,5,0.60,0.00,0.40,0.00,0.00,0.00
46352,C,1,2,2,6,0.67,0.00,0.33,0.00,0.00,0.00
46359,C,1,2,2,7,0.71,0.00,0.29,0.00,0.00,0.00
46363,C,1,1,2,9,0.44,0.00,0.56,0.00,0.00,0.00
46366,A,2,6,1,8,0.00,1.00,0.00,0.00,0.00,0.00
46371,C,1,1,2,9,0.44,0.00,0.44,0.00,0.00,0.11
46720,B,3,4,1,6,0.67,0.33,0.00,0.00,0.00,0.00
46726,C,2,5,2,2,1.00,0.00,0.00,0.00,0.00,0.00
46736,C,2,3,1,14,0.57,0.00,0.43,0.00,0.00,0.00
46738,C,4,6,1,12,0.67,0.00,0.33,0.00,0.00,0.00
46780,C,4,4,1,15,0.53,0.00,0.47,0.00,0.00,0.00
46782,C,2,3,2,4,0.50,0.00,0.00,0.00,0.50,0.00
46790,C,2,2,2,7,0.71,0.00,0.29,0.00,0.00,0.00
46792,C,1,1,1,4,1.00,0.00,0.00,0.00,0.00,0.00
46794,B,3,4,1,4,0.00,1.00,0.00,0.00,0.00,0.00
46796,C,2,3,1,2,1.00,0.00,0.00,0.00,0.00,0.00
46801,C,1,2,2,1,1.00,0.00,0.00,0.00,0.00,0.00
46804,C,2,3,2,2,1.00,0.00,0.00,0.00,0.00,0.00
46805,C,1,1,2,8,0.50,0.00,0.50,0.00,0.00,0.00
46808,C,1,3,2,6,0.67,0.00,0.33,0.00,0.00,0.00
46813,B,2,4,1,18,0.56,0.00,0.44,0.00,0.00,0.00
46825,B,3,4,1,14,0.57,0.00,0.43,0.00,0.00,0.00
46826,B,1,1,2,2,1.00,0.00,0.00,0.00,0.00,0.00
46831,B,1,3,1,8,0.25,0.25,0.50,0.00,0.00,0.00
46927,B,3,4,1,8,0.50,0.25,0.25,0.00,0.00,0.00
46932,B,1,2,2,6,0.67,0.00,0.33,0.00,0.00,0.00
46935,B,2,3,2,4,1.00,0.00,0.00,0.00,0.00,0.00
46964,B,3,3,2,22,0.45,0.00,0.55,0.00,0.00,0.00
46988,B,3,4,2,12,0.67,0.00,0.33,0.00,0.00,0.00
46993,B,3,4,1,6,0.67,0.33,0.00,0.00,0.00,0.00
46999,B,2,3,2,8,0.75,0.00,0.25,0.00,0.00,0.00
47003,B,1,2,2,2,1.00,0.00,0.00,0.00,0.00,0.00
47005,B,3,4,1,4,0.50,0.50,0.00,0.00,0.00,0.00
47008,B,1,2,2,2,1.00,0.00,0.00,0.00,0.00,0.00
47010,B,1,2,1,4,0.00,1.00,0.00,0.00,0.00,0.00
47013,B,2,2,2,4,1.00,0.00,0.00,0.00,0.00,0.00
47016,B,3,4,1,14,0.57,0.14,0.29,0.00,0.00,0.00
47017,B,1,1,2,2,1.00,0.00,0.00,0.00,0.00,0.00
47022,B,1,2,2,2,1.00,0.00,0.00,0.00,0.00,0.00
47023,B,3,4,1,20,0.70,0.00,0.30,0.00,0.00,0.00
47028,B,1,1,2,6,0.67,0.00,0.33,0.00,0.00,0.00
47038,B,2,3,2,14,0.57,0.00,0.43,0.00,0.00,0.00
47045,B,3,4,2,10,0.80,0.00,0.20,0.00,0.00,0.00
47053,B,2,4,1,8,0.75,0.00,0.25,0.00,0.00,0.00
47064,B,3,4,1,10,0.70,0.00,0.30,0.00,0.00,0.00
47075,B,2,3,2,8,0.75,0.00,0.25,0.00,0.00,0.00
47078,B,1,2,2,2,1.00,0.00,0.00,0.00,0.00,0.00
47084,B,2,4,2,12,0.67,0.00,0.33,0.00,0.00,0.00
47090,B,2,4,2,4,1.00,0.00,0.00,0.00,0.00,0.00
47093,B,2,3,2,2,1.00,0.00,0.00,0.00,0.00,0.00
47115,B,2,2,1,16,0.50,0.00,0.50,0.00,0.00,0.00
47124,B,2,2,1,8,0.50,0.50,0.00,0.00,0.00,0.00
47136,B,1,4,1,9,0.44,0.00,0.44,0.11,0.00,0.00
47142,C,1,2,1,4,0.00,1.00,0.00,0.00,0.00,0.00
47227,B,4,5,1,13,0.38,0.15,0.46,0.00,0.00,0.00
47245,B,2,4,1,8,0.75,0.00,0.25,0.00,0.00,0.00
47252,B,3,4,1,6,0.67,0.33,0.00,0.00,0.00,0.00
47260,B,3,5,1,14,0.57,0.14,0.29,0.00,0.00,0.00
47269,A,3,4,1,12,0.50,0.42,0.08,0.00,0.00,0.00
47341,A,3,5,1,18,0.44,0.11,0.44,0.00,0.00,0.00
47349,B,3,5,1,13,0.69,0.00,0.31,0.00,0.00,0.00
47364,B,3,4,1,22,0.64,0.00,0.36,0.00,0.00,0.00
47420,B,1,2,2,2,1.00,0.00,0.00,0.00,0.00,0.00
47424,B,3,3,1,4,0.50,0.50,0.00,0.00,0.00,0.00
47429,B,1,2,1,6,0.67,0.00,0.33,0.00,0.00,0.00
47432,A,1,3,1,2,0.00,1.00,0.00,0.00,0.00,0.00
47433,B,1,1,2,6,0.67,0.00,0.33,0.00,0.00,0.00
47435,B,3,5,1,11,0.55,0.18,0.27,0.00,0.00,0.00
47436,A,3,4,1,17,0.47,0.24,0.29,0.00,0.00,0.00
47437,B,4,5,1,20,0.50,0.00,0.50,0.00,0.00,0.00
47441,B,1,2,2,2,1.00,0.00,0.00,0.00,0.00,0.00
47442,A,1,2,2,8,0.50,0.13,0.38,0.00,0.00,0.00
47443,A,1,2,1,2,0.00,1.00,0.00,0.00,0.00,0.00
47444,B,2,3,2,13,0.69,0.00,0.31,0.00,0.00,0.00
47445,A,2,3,1,4,0.00,1.00,0.00,0.00,0.00,0.00
47446,B,3,3,2,21,0.62,0.00,0.33,0.05,0.00,0.00
47447,B,3,4,1,17,0.65,0.00,0.35,0.00,0.00,0.00
47448,B,3,3,1,21,0.48,0.14,0.33,0.05,0.00,0.00
47449,B,3,3,2,18,0.67,0.00,0.33,0.00,0.00,0.00
47451,B,4,3,2,10,0.80,0.00,0.20,0.00,0.00,0.00
47452,B,3,4,1,16,0.56,0.19,0.25,0.00,0.00,0.00
47627,B,4,3,2,6,0.67,0.00,0.33,0.00,0.00,0.00
47710,A,3,4,1,4,0.00,1.00,0.00,0.00,0.00,0.00
47731,B,1,2,2,6,0.67,0.00,0.33,0.00,0.00,0.00
47773,B,3,5,2,12,0.67,0.00,0.33,0.00,0.00,0.00
47870,B,2,3,1,4,0.50,0.50,0.00,0.00,0.00,0.00
47926,B,4,4,1,10,0.60,0.00,0.40,0.00,0.00,0.00
47943,B,1,2,2,6,0.67,0.00,0.33,0.00,0.00,0.00
47972,A,1,2,1,2,0.00,1.00,0.00,0.00,0.00,0.00
48035,B,4,4,1,12,0.42,0.17,0.42,0.00,0.00,0.00
48080,B,4,4,1,14,0.50,0.00,0.50,0.00,0.00,0.00
48122,B,4,3,1,4,0.50,0.50,0.00,0.00,0.00,0.00
48214,A,1,3,1,2,0.00,1.00,0.00,0.00,0.00,0.00
48278,B,2,3,2,2,1.00,0.00,0.00,0.00,0.00,0.00
48319,B,1,1,2,6,0.67,0.00,0.33,0.00,0.00,0.00
48372,B,3,4,1,22,0.64,0.00,0.36,0.00,0.00,0.00
48437,A,3,4,1,11,0.64,0.36,0.00,0.00,0.00,0.00
48508,B,3,4,1,16,0.63,0.00,0.38,0.00,0.00,0.00
48609,B,2,3,2,13,0.69,0.00,0.31,0.00,0.00,0.00
49451,B,2,2,2,8,0.75,0.00,0.25,0.00,0.00,0.00
50769,B,5,4,1,2,0.00,1.00,0.00,0.00,0.00,0.00
50908,B,3,4,1,12,0.83,0.00,0.17,0.00,0.00,0.00
50919,C,3,4,1,14,0.71,0.00,0.29,0.00,0.00,0.00
51012,C,2,3,2,2,1.00,0.00,0.00,0.00,0.00,0.00
51022,B,5,4,1,8,0.50,0.25,0.25,0.00,0.00,0.00
51162,A,3,5,1,10,0.40,0.40,0.20,0.00,0.00,0.00
51224,B,3,4,1,14,0.43,0.14,0.36,0.07,0.00,0.00
51310,C,2,3,1,2,1.00,0.00,0.00,0.00,0.00,0.00
51329,B,3,4,1,14,0.57,0.14,0.29,0.00,0.00,0.00
51433,C,4,5,1,16,0.88,0.00,0.13,0.00,0.00,0.00
51524,C,3,4,2,14,0.71,0.00,0.29,0.00,0.00,0.00
51577,C,2,3,2,2,1.00,0.00,0.00,0.00,0.00,0.00
51608,C,1,3,2,6,0.67,0.00,0.33,0.00,0.00,0.00
51650,B,1,2,1,2,0.00,1.00,0.00,0.00,0.00,0.00
51678,C,1,2,2,6,0.50,0.00,0.50,0.00,0.00,0.00
51698,C,4,4,1,2,0.00,1.00,0.00,0.00,0.00,0.00
51767,A,3,4,1,10,0.60,0.20,0.20,0.00,0.00,0.00
51777,A,2,4,1,2,0.00,1.00,0.00,0.00,0.00,0.00
51782,C,1,2,2,2,1.00,0.00,0.00,0.00,0.00,0.00
51797,B,3,4,1,8,0.50,0.25,0.25,0.00,0.00,0.00
51806,A,1,4,1,2,0.00,1.00,0.00,0.00,0.00,0.00
51812,A,1,4,1,2,0.00,1.00,0.00,0.00,0.00,0.00
51820,A,1,4,1,2,0.00,1.00,0.00,0.00,0.00,0.00
51826,A,2,3,1,2,1.00,0.00,0.00,0.00,0.00,0.00
51830,A,2,3,1,2,1.00,0.00,0.00,0.00,0.00,0.00
51842,B,3,4,1,4,0.50,0.50,0.00,0.00,0.00,0.00
52062,B,2,4,1,15,0.60,0.07,0.33,0.00,0.00,0.00
52074,A,2,3,2,11,0.64,0.00,0.36,0.00,0.00,0.00
52079,A,2,2,1,6,0.33,0.67,0.00,0.00,0.00,0.00
52086,A,1,3,2,6,0.67,0.00,0.33,0.00,0.00,0.00
52112,A,1,3,1,2,0.00,0.00,0.00,0.00,1.00,0.00
52139,B,4,4,1,10,0.40,0.30,0.30,0.00,0.00,0.00
52144,A,3,4,1,15,0.67,0.00,0.33,0.00,0.00,0.00
52149,B,3,5,1,13,0.54,0.15,0.31,0.00,0.00,0.00
52156,A,3,4,1,22,0.55,0.00,0.45,0.00,0.00,0.00
52160,A,2,2,2,8,0.75,0.00,0.25,0.00,0.00,0.00
52164,A,2,4,1,10,0.40,0.20,0.40,0.00,0.00,0.00
52168,B,2,2,1,4,0.50,0.50,0.00,0.00,0.00,0.00
52172,A,2,4,1,10,0.40,0.20,0.40,0.00,0.00,0.00
52175,A,1,2,2,10,0.60,0.00,0.40,0.00,0.00,0.00
52179,A,1,4,2,6,0.67,0.00,0.33,0.00,0.00,0.00
52181,A,3,3,2,5,1.00,0.00,0.00,0.00,0.00,0.00
52183,B,2,4,1,8,0.50,0.50,0.00,0.00,0.00,0.00
52186,B,1,3,2,4,1.00,0.00,0.00,0.00,0.00,0.00
52187,B,2,3,1,4,0.50,0.00,0.00,0.00,0.00,0.50
52190,B,1,2,2,4,1.00,0.00,0.00,0.00,0.00,0.00
52192,B,4,3,1,4,0.50,0.50,0.00,0.00,0.00,0.00
52196,A,2,4,1,4,0.00,1.00,0.00,0.00,0.00,0.00
52201,B,3,4,1,6,1.00,0.00,0.00,0.00,0.00,0.00
52202,B,3,3,1,6,1.00,0.00,0.00,0.00,0.00,0.00
52205,B,4,4,1,2,1.00,0.00,0.00,0.00,0.00,0.00
52207,B,2,4,1,5,1.00,0.00,0.00,0.00,0.00,0.00
52210,B,2,5,1,6,0.67,0.33,0.00,0.00,0.00,0.00
52214,B,2,4,2,18,0.67,0.00,0.33,0.00,0.00,0.00
52217,B,3,4,1,9,0.78,0.00,0.22,0.00,0.00,0.00
52222,B,3,4,1,13,0.54,0.31,0.15,0.00,0.00,0.00
52226,B,3,4,2,9,0.78,0.00,0.22,0.00,0.00,0.00
52227,B,2,3,1,9,1.00,0.00,0.00,0.00,0.00,0.00
52228,A,1,3,1,3,0.00,1.00,0.00,0.00,0.00,0.00
52229,B,5,4,1,10,0.50,0.50,0.00,0.00,0.00,0.00
52230,B,1,2,2,5,1.00,0.00,0.00,0.00,0.00,0.00
52232,B,1,2,2,6,0.67,0.00,0.33,0.00,0.00,0.00
52234,B,2,2,2,10,0.60,0.30,0.10,0.00,0.00,0.00
52237,A,2,2,2,10,0.60,0.10,0.30,0.00,0.00,0.00
52239,A,2,3,1,5,0.40,0.60,0.00,0.00,0.00,0.00
52240,B,1,1,2,2,0.00,0.00,0.00,0.00,1.00,0.00
52241,A,3,3,1,10,0.40,0.40,0.20,0.00,0.00,0.00
52243,A,3,3,1,9,0.33,0.44,0.22,0.00,0.00,0.00
52244,B,3,2,2,6,0.67,0.00,0.00,0.33,0.00,0.00
52246,A,4,3,1,15,0.53,0.20,0.20,0.07,0.00,0.00
52251,B,2,4,1,3,1.00,0.00,0.00,0.00,0.00,0.00
52252,B,2,3,1,4,1.00,0.00,0.00,0.00,0.00,0.00
52253,B,3,4,2,6,1.00,0.00,0.00,0.00,0.00,0.00
52254,B,3,3,1,9,0.78,0.00,0.22,0.00,0.00,0.00
52256,A,4,4,1,9,0.78,0.22,0.00,0.00,0.00,0.00
52259,B,2,4,1,4,0.50,0.50,0.00,0.00,0.00,0.00
52263,A,4,4,1,8,0.38,0.63,0.00,0.00,0.00,0.00
52273,B,4,4,1,12,0.67,0.00,0.33,0.00,0.00,0.00
52281,B,3,4,2,4,1.00,0.00,0.00,0.00,0.00,0.00
52285,B,1,4,1,2,0.00,1.00,0.00,0.00,0.00,0.00
52643,B,2,4,1,4,0.50,0.50,0.00,0.00,0.00,0.00
52742,B,3,4,1,14,0.71,0.00,0.29,0.00,0.00,0.00
52803,B,2,3,1,4,1.00,0.00,0.00,0.00,0.00,0.00
52873,B,4,4,2,14,0.71,0.00,0.29,0.00,0.00,0.00
52875,B,2,3,1,6,0.00,1.00,0.00,0.00,0.00,0.00
52916,C,1,3,1,2,0.00,1.00,0.00,0.00,0.00,0.00
52951,B,2,3,1,2,1.00,0.00,0.00,0.00,0.00,0.00
53006,B,1,2,2,2,1.00,0.00,0.00,0.00,0.00,0.00
53057,B,4,4,2,12,0.83,0.00,0.17,0.00,0.00,0.00
53105,B,2,4,1,4,0.50,0.50,0.00,0.00,0.00,0.00
53122,A,3,4,1,6,0.33,0.67,0.00,0.00,0.00,0.00
53162,B,1,3,2,4,1.00,0.00,0.00,0.00,0.00,0.00
53201,A,2,4,1,2,0.00,1.00,0.00,0.00,0.00,0.00
53229,B,2,3,1,7,1.00,0.00,0.00,0.00,0.00,0.00
53236,A,1,2,1,2,0.00,1.00,0.00,0.00,0.00,0.00
53255,B,2,4,1,8,0.50,0.25,0.25,0.00,0.00,0.00
53264,A,1,3,1,2,0.00,1.00,0.00,0.00,0.00,0.00
53307,A,1,2,1,2,0.00,1.00,0.00,0.00,0.00,0.00
53353,B,4,4,1,4,0.50,0.50,0.00,0.00,0.00,0.00
53493,B,3,2,1,18,0.67,0.00,0.33,0.00,0.00,0.00
53674,B,3,4,1,4,0.50,0.50,0.00,0.00,0.00,0.00
53705,B,1,3,2,2,1.00,0.00,0.00,0.00,0.00,0.00
53894,B,2,4,1,8,0.50,0.25,0.25,0.00,0.00,0.00
53981,A,4,4,2,6,0.00,1.00,0.00,0.00,0.00,0.00
54044,B,4,5,1,22,0.64,0.00,0.36,0.00,0.00,0.00
54067,A,4,5,1,11,0.64,0.36,0.00,0.00,0.00,0.00
54100,A,3,3,1,10,0.60,0.20,0.20,0.00,0.00,0.00
54104,A,3,4,1,9,0.78,0.22,0.00,0.00,0.00,0.00
54117,B,4,4,1,13,0.69,0.00,0.31,0.00,0.00,0.00
54129,B,3,4,1,17,0.76,0.00,0.24,0.00,0.00,0.00
54134,A,3,4,1,10,0.40,0.60,0.00,0.00,0.00,0.00
54301,B,3,4,1,14,0.57,0.14,0.29,0.00,0.00,0.00
54352,B,4,4,1,4,0.50,0.50,0.00,0.00,0.00,0.00
54401,B,1,3,2,2,1.00,0.00,0.00,0.00,0.00,0.00
54499,B,3,4,1,14,0.71,0.00,0.29,0.00,0.00,0.00
54554,B,4,4,1,4,0.50,0.50,0.00,0.00,0.00,0.00
54667,B,3,4,1,16,0.75,0.00,0.25,0.00,0.00,0.00
56781,B,2,4,1,8,1.00,0.00,0.00,0.00,0.00,0.00
56876,B,3,4,1,11,0.82,0.00,0.18,0.00,0.00,0.00
56941,B,2,4,1,12,0.83,0.00,0.17,0.00,0.00,0.00
56963,B,1,2,2,2,1.00,0.00,0.00,0.00,0.00,0.00
57006,B,1,3,2,2,1.00,0.00,0.00,0.00,0.00,0.00
57052,B,2,4,2,15,0.87,0.00,0.13,0.00,0.00,0.00
57169,A,3,4,1,10,0.60,0.40,0.00,0.00,0.00,0.00
57239,A,3,4,1,10,0.80,0.20,0.00,0.00,0.00,0.00
57303,A,1,4,1,3,0.33,0.67,0.00,0.00,0.00,0.00
57404,B,4,4,1,14,0.86,0.00,0.14,0.00,0.00,0.00
57426,A,5,4,1,8,0.63,0.38,0.00,0.00,0.00,0.00
57441,B,4,5,1,14,0.71,0.00,0.29,0.00,0.00,0.00
57453,B,3,3,2,12,0.83,0.00,0.17,0.00,0.00,0.00
57462,B,3,4,1,5,1.00,0.00,0.00,0.00,0.00,0.00
57470,B,3,4,1,12,0.58,0.25,0.17,0.00,0.00,0.00
57494,B,2,4,1,11,0.82,0.09,0.09,0.00,0.00,0.00
57500,B,1,3,2,4,1.00,0.00,0.00,0.00,0.00,0.00
57503,B,1,2,2,4,1.00,0.00,0.00,0.00,0.00,0.00
57508,B,1,3,2,7,0.71,0.00,0.14,0.14,0.00,0.00
57510,B,2,3,1,7,1.00,0.00,0.00,0.00,0.00,0.00
57514,A,4,4,1,13,0.62,0.23,0.15,0.00,0.00,0.00
57526,B,4,4,1,10,0.80,0.00,0.20,0.00,0.00,0.00
57642,B,3,3,1,6,1.00,0.00,0.00,0.00,0.00,0.00
57651,B,3,4,1,13,0.85,0.00,0.15,0.00,0.00,0.00
57658,A,3,5,1,12,0.58,0.42,0.00,0.00,0.00,0.00
57661,B,3,4,1,13,0.85,0.00,0.15,0.00,0.00,0.00
57714,B,1,3,2,3,1.00,0.00,0.00,0.00,0.00,0.00
57717,B,1,4,2,9,0.78,0.00,0.22,0.00,0.00,0.00
57771,B,2,4,1,12,0.83,0.00,0.17,0.00,0.00,0.00
57777,A,2,4,2,15,0.60,0.13,0.27,0.00,0.00,0.00
57790,B,4,4,1,12,0.50,0.17,0.33,0.00,0.00,0.00
57806,B,2,3,2,9,1.00,0.00,0.00,0.00,0.00,0.00
57823,B,3,3,2,8,0.88,0.00,0.00,0.00,0.13,0.00
57825,A,4,4,1,6,0.00,1.00,0.00,0.00,0.00,0.00
57834,A,4,4,1,9,0.78,0.22,0.00,0.00,0.00,0.00
57897,B,3,4,1,10,1.00,0.00,0.00,0.00,0.00,0.00
57898,B,3,4,1,9,0.78,0.00,0.22,0.00,0.00,0.00
57903,B,2,4,1,16,0.75,0.00,0.25,0.00,0.00,0.00
57905,B,2,3,2,11,0.82,0.00,0.18,0.00,0.00,0.00
57909,B,2,5,2,14,0.64,0.00,0.29,0.07,0.00,0.00
57913,B,4,5,1,10,0.80,0.00,0.10,0.10,0.00,0.00
57916,B,4,5,1,10,0.50,0.50,0.00,0.00,0.00,0.00
57918,B,1,3,1,8,0.75,0.00,0.25,0.00,0.00,0.00
57920,B,2,4,1,4,1.00,0.00,0.00,0.00,0.00,0.00
57925,B,1,4,2,9,0.56,0.00,0.44,0.00,0.00,0.00
57927,B,3,4,1,12,0.83,0.00,0.17,0.00,0.00,0.00
57931,B,3,4,2,25,0.48,0.00,0.52,0.00,0.00,0.00
57933,B,1,3,2,9,0.44,0.00,0.56,0.00,0.00,0.00
57935,B,1,3,1,4,0.00,1.00,0.00,0.00,0.00,0.00
57938,B,4,5,1,24,0.50,0.00,0.50,0.00,0.00,0.00
57940,B,4,4,1,4,0.50,0.50,0.00,0.00,0.00,0.00
57945,B,4,4,1,4,0.50,0.50,0.00,0.00,0.00,0.00
57947,B,3,4,2,4,0.50,0.50,0.00,0.00,0.00,0.00
57949,A,3,4,1,10,0.80,0.20,0.00,0.00,0.00,0.00
57953,B,4,4,1,8,0.75,0.25,0.00,0.00,0.00,0.00
57975,B,2,4,1,4,1.00,0.00,0.00,0.00,0.00,0.00
57996,B,1,3,1,6,0.67,0.00,0.33,0.00,0.00,0.00
58018,B,3,3,1,6,0.67,0.00,0.33,0.00,0.00,0.00
58027,B,2,4,1,4,1.00,0.00,0.00,0.00,0.00,0.00
58046,B,3,3,1,5,0.80,0.00,0.20,0.00,0.00,0.00
58071,B,2,4,1,12,0.67,0.00,0.33,0.00,0.00,0.00
58083,B,2,3,1,4,1.00,0.00,0.00,0.00,0.00,0.00
58096,B,3,3,1,6,0.67,0.00,0.33,0.00,0.00,0.00
58109,B,1,2,2,6,0.67,0.00,0.33,0.00,0.00,0.00
58115,B,1,3,1,2,1.00,0.00,0.00,0.00,0.00,0.00
58192,B,2,4,1,4,0.00,1.00,0.00,0.00,0.00,0.00
58326,B,1,3,2,6,0.67,0.00,0.33,0.00,0.00,0.00
58380,B,1,3,1,6,0.67,0.00,0.33,0.00,0.00,0.00
58475,B,1,2,2,6,0.67,0.00,0.33,0.00,0.00,0.00
58629,B,1,3,2,6,0.67,0.00,0.33,0.00,0.00,0.00
58677,B,2,3,1,4,1.00,0.00,0.00,0.00,0.00,0.00
58711,B,1,3,2,6,0.67,0.00,0.33,0.00,0.00,0.00
58837,B,2,3,1,4,1.00,0.00,0.00,0.00,0.00,0.00
59048,B,3,4,1,2,0.00,0.00,0.00,0.00,0.00,1.00
59183,B,2,4,1,10,0.60,0.00,0.40,0.00,0.00,0.00
59249,B,1,2,1,2,0.50,0.00,0.50,0.00,0.00,0.00
59268,B,3,4,1,11,0.55,0.18,0.27,0.00,0.00,0.00
59304,B,4,4,1,8,0.50,0.25,0.25,0.00,0.00,0.00
59347,A,4,4,1,9,0.56,0.22,0.22,0.00,0.00,0.00
60644,B,2,3,2,2,0.00,0.00,0.00,0.00,1.00,0.00
60770,B,1,3,2,17,0.47,0.00,0.53,0.00,0.00,0.00
60866,C,2,2,1,16,0.50,0.00,0.50,0.00,0.00,0.00
60985,C,1,1,2,8,0.75,0.00,0.25,0.00,0.00,0.00
61010,C,4,2,2,10,0.80,0.00,0.20,0.00,0.00,0.00
61020,C,1,1,2,6,0.67,0.00,0.33,0.00,0.00,0.00
61059,C,1,1,2,6,0.67,0.00,0.33,0.00,0.00,0.00
61103,C,1,2,2,6,0.67,0.00,0.33,0.00,0.00,0.00
61129,C,1,3,2,4,0.75,0.00,0.25,0.00,0.00,0.00
61149,C,1,3,2,6,0.67,0.00,0.33,0.00,0.00,0.00
61173,C,1,4,2,6,0.67,0.00,0.33,0.00,0.00,0.00
61220,B,2,3,2,11,0.45,0.18,0.36,0.00,0.00,0.00
61253,A,2,1,2,9,0.78,0.00,0.22,0.00,0.00,0.00
61413,C,1,5,1,5,0.00,1.00,0.00,0.00,0.00,0.00
61494,A,1,1,2,8,0.50,0.00,0.50,0.00,0.00,0.00
61529,A,2,4,2,4,1.00,0.00,0.00,0.00,0.00,0.00
61565,B,2,2,1,4,0.00,0.50,0.00,0.50,0.00,0.00
61600,A,1,1,2,6,0.67,0.00,0.33,0.00,0.00,0.00
61668,A,2,4,1,10,0.40,0.00,0.60,0.00,0.00,0.00
61715,B,3,4,1,6,0.33,0.33,0.00,0.33,0.00,0.00
61728,A,1,1,2,2,1.00,0.00,0.00,0.00,0.00,0.00
62026,A,3,5,1,9,0.44,0.22,0.33,0.00,0.00,0.00
62077,A,1,1,2,10,0.40,0.10,0.50,0.00,0.00,0.00
62153,A,4,4,1,20,0.40,0.00,0.60,0.00,0.00,0.00
62186,A,3,4,1,3,1.00,0.00,0.00,0.00,0.00,0.00
62226,A,1,1,2,8,0.75,0.00,0.25,0.00,0.00,0.00
62269,B,3,4,1,8,0.75,0.25,0.00,0.00,0.00,0.00
62330,A,3,4,2,8,0.75,0.00,0.25,0.00,0.00,0.00
62368,A,2,3,1,4,0.00,1.00,0.00,0.00,0.00,0.00
62404,A,2,1,1,4,1.00,0.00,0.00,0.00,0.00,0.00
62456,B,3,4,1,10,0.60,0.00,0.40,0.00,0.00,0.00
64660,B,3,4,2,7,1.00,0.00,0.00,0.00,0.00,0.00
64734,B,2,2,1,2,1.00,0.00,0.00,0.00,0.00,0.00
65070,B,3,5,1,26,0.54,0.00,0.42,0.04,0.00,0.00
65744,B,3,5,2,12,0.50,0.00,0.50,0.00,0.00,0.00
65804,B,3,4,2,6,0.67,0.00,0.33,0.00,0.00,0.00
65880,B,2,1,2,2,1.00,0.00,0.00,0.00,0.00,0.00
65975,B,4,5,1,14,0.57,0.07,0.36,0.00,0.00,0.00
66040,B,4,4,1,12,0.33,0.33,0.33,0.00,0.00,0.00
66283,B,4,5,1,12,0.92,0.00,0.08,0.00,0.00,0.00
66302,B,3,4,2,10,0.80,0.00,0.20,0.00,0.00,0.00
66580,B,1,1,2,10,0.60,0.00,0.40,0.00,0.00,0.00
66584,B,4,5,1,10,0.70,0.30,0.00,0.00,0.00,0.00
66599,B,2,2,2,10,0.40,0.00,0.60,0.00,0.00,0.00
66672,B,1,2,2,2,1.00,0.00,0.00,0.00,0.00,0.00
66741,B,4,5,2,15,0.27,0.00,0.27,0.13,0.33,0.00
66879,B,4,5,1,18,0.67,0.00,0.33,0.00,0.00,0.00
66976,B,3,5,1,6,0.67,0.33,0.00,0.00,0.00,0.00
67091,B,1,1,2,6,0.67,0.00,0.33,0.00,0.00,0.00
68575,B,4,5,1,8,0.75,0.00,0.25,0.00,0.00,0.00
68845,B,4,3,1,12,0.50,0.00,0.50,0.00,0.00,0.00
69630,B,4,4,1,17,0.76,0.00,0.24,0.00,0.00,0.00
69642,B,5,4,1,25,0.76,0.00,0.24,0.00,0.00,0.00
69707,B,4,3,1,12,0.83,0.00,0.17,0.00,0.00,0.00
69710,B,4,4,1,22,0.73,0.00,0.27,0.00,0.00,0.00
69726,A,4,4,1,20,0.40,0.20,0.40,0.00,0.00,0.00
69739,A,4,4,1,16,0.56,0.13,0.13,0.00,0.19,0.00
69758,A,4,4,1,16,0.38,0.44,0.19,0.00,0.00,0.00
69771,C,4,4,1,25,0.68,0.00,0.32,0.00,0.00,0.00
69778,B,4,5,1,16,0.56,0.25,0.19,0.00,0.00,0.00
69790,B,4,5,1,18,0.61,0.28,0.11,0.00,0.00,0.00
69828,C,4,4,2,7,1.00,0.00,0.00,0.00,0.00,0.00
69842,C,4,5,1,16,0.75,0.00,0.25,0.00,0.00,0.00
69843,A,4,5,1,11,0.36,0.45,0.00,0.18,0.00,0.00
69863,B,4,5,1,22,0.59,0.09,0.27,0.05,0.00,0.00
69881,B,4,4,1,14,0.57,0.14,0.29,0.00,0.00,0.00
69893,B,4,3,1,30,0.50,0.17,0.33,0.00,0.00,0.00
69910,C,4,5,1,14,0.71,0.00,0.29,0.00,0.00,0.00
69923,C,4,4,1,17,0.88,0.00,0.12,0.00,0.00,0.00
69934,A,4,5,1,20,0.50,0.10,0.40,0.00,0.00,0.00
69968,C,4,5,1,9,1.00,0.00,0.00,0.00,0.00,0.00
69975,B,4,4,1,8,0.75,0.25,0.00,0.00,0.00,0.00
69986,B,5,4,1,13,0.69,0.15,0.15,0.00,0.00,0.00
70011,B,4,5,1,12,0.67,0.17,0.17,0.00,0.00,0.00
70012,B,4,4,1,12,0.67,0.17,0.17,0.00,0.00,0.00
70013,B,4,5,1,36,0.56,0.03,0.42,0.00,0.00,0.00
70014,B,4,2,1,8,0.50,0.25,0.25,0.00,0.00,0.00
70015,A,4,4,1,9,0.78,0.22,0.00,0.00,0.00,0.00
70017,C,4,4,1,6,0.67,0.00,0.33,0.00,0.00,0.00
70019,C,4,4,1,10,0.80,0.00,0.20,0.00,0.00,0.00
70023,A,4,4,1,10,0.60,0.20,0.20,0.00,0.00,0.00
70027,A,4,4,1,16,0.63,0.13,0.25,0.00,0.00,0.00
72263,C,2,4,1,2,1.00,0.00,0.00,0.00,0.00,0.00
73636,C,1,4,2,6,0.67,0.00,0.33,0.00,0.00,0.00
75758,C,4,4,2,12,0.83,0.00,0.17,0.00,0.00,0.00
75888,B,5,5,1,8,0.50,0.50,0.00,0.00,0.00,0.00
75938,C,1,3,1,5,0.60,0.00,0.20,0.20,0.00,0.00
75950,C,3,4,2,6,1.00,0.00,0.00,0.00,0.00,0.00
76026,A,1,4,1,3,0.00,0.67,0.00,0.33,0.00,0.00
76084,C,1,4,2,6,0.50,0.00,0.33,0.17,0.00,0.00
76096,C,1,4,1,4,0.00,0.00,0.00,0.00,0.00,1.00
76134,A,4,4,1,19,0.58,0.11,0.32,0.00,0.00,0.00
76146,C,4,4,1,18,0.39,0.00,0.50,0.00,0.00,0.11
76176,A,5,4,1,17,0.53,0.12,0.35,0.00,0.00,0.00
76200,C,5,5,1,28,0.43,0.00,0.57,0.00,0.00,0.00
78875,C,3,5,2,14,0.57,0.00,0.43,0.00,0.00,0.00
78959,C,3,4,2,14,0.71,0.00,0.29,0.00,0.00,0.00
78993,C,2,3,2,2,0.00,0.00,0.00,0.00,1.00,0.00
79350,C,1,4,1,2,0.00,0.00,1.00,0.00,0.00,0.00
79374,B,1,3,2,2,0.00,0.00,1.00,0.00,0.00,0.00
79437,B,4,4,1,16,0.25,0.50,0.25,0.00,0.00,0.00
79472,B,1,3,2,6,0.67,0.00,0.33,0.00,0.00,0.00
79551,B,3,4,2,10,0.80,0.00,0.20,0.00,0.00,0.00
79683,B,3,4,1,12,0.67,0.17,0.17,0.00,0.00,0.00
79729,B,2,5,1,8,0.50,0.25,0.25,0.00,0.00,0.00
79798,C,5,5,2,4,1.00,0.00,0.00,0.00,0.00,0.00
79849,C,3,4,2,6,0.67,0.00,0.33,0.00,0.00,0.00
79905,C,4,4,1,14,0.86,0.00,0.14,0.00,0.00,0.00
79955,B,4,4,2,12,0.83,0.00,0.17,0.00,0.00,0.00
80166,B,4,9,2,8,1.00,0.00,0.00,0.00,0.00,0.00
80397,A,3,5,1,10,0.60,0.20,0.20,0.00,0.00,0.00
80455,B,3,4,2,2,1.00,0.00,0.00,0.00,0.00,0.00
80487,B,1,3,2,2,1.00,0.00,0.00,0.00,0.00,0.00
80565,B,2,2,2,12,0.67,0.00,0.33,0.00,0.00,0.00
80715,B,2,3,2,4,1.00,0.00,0.00,0.00,0.00,0.00
80970,B,2,2,2,2,1.00,0.00,0.00,0.00,0.00,0.00
80995,B,1,3,1,2,0.00,0.00,0.00,0.00,1.00,0.00
81022,B,3,5,1,4,0.50,0.50,0.00,0.00,0.00,0.00
81147,B,4,3,1,11,0.27,0.00,0.55,0.00,0.18,0.00
81179,B,3,4,2,8,0.50,0.00,0.50,0.00,0.00,0.00
81240,B,1,2,2,2,1.00,0.00,0.00,0.00,0.00,0.00
81327,A,3,5,1,10,0.40,0.20,0.40,0.00,0.00,0.00
81371,B,2,1,2,5,0.40,0.00,0.40,0.20,0.00,0.00
81488,B,2,4,2,9,0.44,0.00,0.33,0.00,0.22,0.00
81544,B,4,5,2,4,0.50,0.00,0.00,0.00,0.50,0.00
81570,B,2,2,2,2,0.00,0.00,1.00,0.00,0.00,0.00
81595,B,1,4,2,1,0.00,0.00,0.00,1.00,0.00,0.00
81636,B,4,5,2,16,0.63,0.00,0.25,0.00,0.13,0.00
81697,A,5,4,1,18,0.67,0.11,0.22,0.00,0.00,0.00
81747,B,3,3,1,6,1.00,0.00,0.00,0.00,0.00,0.00
81758,B,1,3,2,7,0.57,0.00,0.29,0.14,0.00,0.00
81784,B,4,4,2,4,0.50,0.00,0.00,0.00,0.50,0.00
81828,A,4,5,1,17,0.53,0.24,0.24,0.00,0.00,0.00
81830,B,4,5,1,8,0.50,0.25,0.00,0.00,0.25,0.00
81865,B,3,4,2,6,0.67,0.00,0.33,0.00,0.00,0.00
81886,B,1,2,2,2,1.00,0.00,0.00,0.00,0.00,0.00
81934,B,4,5,2,20,0.70,0.00,0.30,0.00,0.00,0.00
82037,B,4,5,1,6,0.67,0.33,0.00,0.00,0.00,0.00
82056,B,5,9,1,16,0.63,0.19,0.19,0.00,0.00,0.00
82069,B,3,4,1,10,0.80,0.00,0.20,0.00,0.00,0.00
82135,B,2,1,2,4,1.00,0.00,0.00,0.00,0.00,0.00
82179,B,4,5,1,13,0.54,0.00,0.46,0.00,0.00,0.00
82207,B,1,2,2,2,1.00,0.00,0.00,0.00,0.00,0.00
82319,B,2,4,2,4,1.00,0.00,0.00,0.00,0.00,0.00
82327,B,4,4,1,16,0.63,0.00,0.38,0.00,0.00,0.00
82351,B,2,2,2,2,1.00,0.00,0.00,0.00,0.00,0.00
82367,B,1,2,2,2,1.00,0.00,0.00,0.00,0.00,0.00
82431,B,3,5,2,14,0.71,0.00,0.29,0.00,0.00,0.00
82477,B,2,3,2,9,0.67,0.00,0.33,0.00,0.00,0.00
82481,B,3,4,2,20,0.60,0.00,0.40,0.00,0.00,0.00
82523,B,1,3,2,2,1.00,0.00,0.00,0.00,0.00,0.00
82561,A,2,4,1,2,0.00,1.00,0.00,0.00,0.00,0.00
82577,B,1,2,2,6,0.67,0.00,0.33,0.00,0.00,0.00
82610,B,1,3,2,2,0.00,0.00,0.00,0.00,1.00,0.00
82661,A,4,5,1,18,0.44,0.11,0.44,0.00,0.00,0.00
82744,B,4,4,2,10,0.60,0.00,0.40,0.00,0.00,0.00
82768,B,1,1,2,6,0.67,0.00,0.33,0.00,0.00,0.00
82879,B,3,4,1,4,1.00,0.00,0.00,0.00,0.00,0.00
82884,B,3,3,2,8,0.75,0.00,0.25,0.00,0.00,0.00
82894,B,2,5,1,9,0.56,0.00,0.22,0.00,0.22,0.00
82910,B,2,2,2,4,1.00,0.00,0.00,0.00,0.00,0.00
82994,B,2,4,2,11,0.64,0.00,0.36,0.00,0.00,0.00
83077,A,4,3,1,14,0.50,0.36,0.14,0.00,0.00,0.00
83144,B,1,3,2,8,0.50,0.00,0.50,0.00,0.00,0.00
83165,B,1,2,2,2,0.00,0.00,1.00,0.00,0.00,0.00
83189,A,1,3,1,2,0.00,1.00,0.00,0.00,0.00,0.00
83224,B,1,3,2,8,0.50,0.00,0.50,0.00,0.00,0.00
83347,C,1,3,2,4,0.75,0.00,0.25,0.00,0.00,0.00
83850,C,1,2,1,6,0.67,0.00,0.33,0.00,0.00,0.00
83899,C,2,2,2,6,0.67,0.00,0.33,0.00,0.00,0.00
85292,A,4,4,1,16,0.75,0.13,0.13,0.00,0.00,0.00
85384,C,1,3,2,6,0.50,0.00,0.50,0.00,0.00,0.00
85463,C,1,3,1,6,0.67,0.00,0.33,0.00,0.00,0.00
85692,C,2,3,2,8,0.75,0.00,0.25,0.00,0.00,0.00
85764,C,1,2,2,6,0.67,0.00,0.33,0.00,0.00,0.00
85831,C,1,3,2,6,0.67,0.00,0.33,0.00,0.00,0.00
86483,C,4,4,2,30,0.67,0.00,0.33,0.00,0.00,0.00
86605,B,2,4,1,12,0.67,0.00,0.33,0.00,0.00,0.00
87042,B,1,2,2,6,0.50,0.00,0.50,0.00,0.00,0.00
87194,B,1,3,1,2,1.00,0.00,0.00,0.00,0.00,0.00
87239,B,3,4,2,6,0.67,0.00,0.33,0.00,0.00,0.00
87319,B,2,4,1,8,0.50,0.25,0.25,0.00,0.00,0.00
87570,B,2,4,2,12,0.67,0.00,0.33,0.00,0.00,0.00
87779,A,3,5,1,10,0.60,0.20,0.20,0.00,0.00,0.00
87847,B,4,4,1,12,0.67,0.00,0.33,0.00,0.00,0.00
87900,B,1,2,2,6,0.67,0.00,0.33,0.00,0.00,0.00
88002,B,3,4,2,10,0.80,0.00,0.20,0.00,0.00,0.00
88273,B,3,4,2,12,0.83,0.00,0.17,0.00,0.00,0.00
88303,B,1,4,1,2,1.00,0.00,0.00,0.00,0.00,0.00
88702,B,3,4,1,14,0.57,0.14,0.29,0.00,0.00,0.00
88969,B,2,3,2,6,0.67,0.00,0.33,0.00,0.00,0.00
89074,B,1,2,2,6,0.67,0.00,0.33,0.00,0.00,0.00
89136,B,2,4,1,4,0.50,0.50,0.00,0.00,0.00,0.00
89291,B,2,3,2,5,0.80,0.00,0.20,0.00,0.00,0.00
89575,A,4,4,1,3,0.33,0.67,0.00,0.00,0.00,0.00
89749,A,1,4,1,2,0.00,1.00,0.00,0.00,0.00,0.00
89916,A,2,4,1,4,0.00,1.00,0.00,0.00,0.00,0.00
89943,A,2,4,1,4,0.00,1.00,0.00,0.00,0.00,0.00
89962,B,1,4,1,2,0.00,1.00,0.00,0.00,0.00,0.00
117281,B,2,3,1,15,0.73,0.00,0.27,0.00,0.00,0.00
121861,B,3,3,2,5,0.80,0.00,0.20,0.00,0.00,0.00
121973,B,3,2,2,12,0.67,0.00,0.33,0.00,0.00,0.00
122100,B,1,3,1,8,0.50,0.00,0.50,0.00,0.00,0.00
122150,B,3,3,1,18,0.61,0.00,0.39,0.00,0.00,0.00
122172,B,3,4,1,6,0.67,0.33,0.00,0.00,0.00,0.00
122235,B,1,1,2,8,0.50,0.00,0.50,0.00,0.00,0.00
122278,B,3,3,1,4,0.50,0.50,0.00,0.00,0.00,0.00
122857,B,1,3,2,6,0.67,0.00,0.33,0.00,0.00,0.00
127356,B,2,4,1,14,0.57,0.00,0.43,0.00,0.00,0.00
128389,A,1,2,1,10,0.40,0.20,0.40,0.00,0.00,0.00
128998,C,3,5,1,18,0.67,0.00,0.33,0.00,0.00,0.00
141597,A,3,4,1,16,0.38,0.13,0.50,0.00,0.00,0.00
141926,B,3,3,1,13,0.46,0.15,0.38,0.00,0.00,0.00
142621,B,1,2,1,8,0.50,0.25,0.25,0.00,0.00,0.00
143482,C,1,3,1,6,0.67,0.00,0.33,0.00,0.00,0.00
143960,A,3,4,1,16,0.50,0.13,0.38,0.00,0.00,0.00
143976,C,1,2,2,6,0.67,0.00,0.33,0.00,0.00,0.00
144003,A,3,4,1,16,0.50,0.13,0.38,0.00,0.00,0.00
144037,A,3,4,1,18,0.44,0.11,0.44,0.00,0.00,0.00
144115,B,1,3,1,2,0.00,1.00,0.00,0.00,0.00,0.00
144127,C,1,1,2,6,0.67,0.00,0.33,0.00,0.00,0.00
146589,A,3,4,1,20,0.60,0.00,0.40,0.00,0.00,0.00
148314,A,1,2,1,3,0.67,0.00,0.00,0.33,0.00,0.00
148366,A,2,4,1,4,0.50,0.00,0.00,0.50,0.00,0.00
148425,A,1,3,1,7,0.71,0.00,0.29,0.00,0.00,0.00
148450,A,1,4,1,2,1.00,0.00,0.00,0.00,0.00,0.00
148523,A,4,3,1,8,0.75,0.00,0.25,0.00,0.00,0.00
148561,A,1,3,1,2,1.00,0.00,0.00,0.00,0.00,0.00
164793,A,1,3,2,2,1.00,0.00,0.00,0.00,0.00,0.00
167153,A,1,3,2,2,1.00,0.00,0.00,0.00,0.00,0.00
167760,A,1,3,2,6,0.67,0.00,0.33,0.00,0.00,0.00
167778,A,3,4,1,9,0.56,0.22,0.22,0.00,0.00,0.00
167919,A,1,4,1,6,0.67,0.00,0.33,0.00,0.00,0.00
168205,A,2,3,2,4,0.50,0.00,0.00,0.50,0.00,0.00
168235,A,1,2,2,2,1.00,0.00,0.00,0.00,0.00,0.00
168345,A,1,4,1,4,0.75,0.00,0.25,0.00,0.00,0.00
179537,B,1,3,1,4,0.50,0.50,0.00,0.00,0.00,0.00
179928,A,3,2,1,14,0.57,0.00,0.43,0.00,0.00,0.00
180674,B,3,3,1,10,0.60,0.20,0.20,0.00,0.00,0.00
188349,A,4,5,1,3,0.33,0.67,0.00,0.00,0.00,0.00
188408,A,4,5,1,18,0.56,0.11,0.33,0.00,0.00,0.00
188490,B,4,5,1,22,0.36,0.27,0.36,0.00,0.00,0.00
188568,A,4,3,1,23,0.70,0.00,0.30,0.00,0.00,0.00
188761,A,4,4,1,15,0.60,0.13,0.27,0.00,0.00,0.00
188999,A,4,5,1,28,0.64,0.00,0.36,0.00,0.00,0.00
189104,A,4,5,1,28,0.46,0.00,0.54,0.00,0.00,0.00
189255,A,4,4,1,12,0.83,0.00,0.17,0.00,0.00,0.00
189313,A,4,5,1,16,0.75,0.00,0.25,0.00,0.00,0.00
189361,A,4,4,2,14,0.71,0.00,0.29,0.00,0.00,0.00
189398,A,4,4,1,10,0.80,0.00,0.20,0.00,0.00,0.00
189451,A,4,5,1,18,0.67,0.00,0.33,0.00,0.00,0.00
189525,B,2,4,1,12,0.33,0.17,0.50,0.00,0.00,0.00
189563,A,4,5,1,32,0.50,0.00,0.50,0.00,0.00,0.00
189616,A,1,4,1,8,0.50,0.00,0.50,0.00,0.00,0.00
189647,B,4,5,1,22,0.64,0.09,0.27,0.00,0.00,0.00
189711,A,1,4,1,6,0.67,0.00,0.33,0.00,0.00,0.00
189761,A,2,2,1,11,0.55,0.00,0.45,0.00,0.00,0.00
189801,A,1,2,1,8,0.50,0.00,0.50,0.00,0.00,0.00
191706,B,4,3,1,6,0.33,0.33,0.33,0.00,0.00,0.00
191755,B,4,4,1,9,0.00,0.33,0.67,0.00,0.00,0.00
191788,B,4,3,1,11,0.18,0.18,0.64,0.00,0.00,0.00
192288,A,4,4,1,9,0.00,0.00,1.00,0.00,0.00,0.00
192323,A,3,3,1,8,0.75,0.00,0.00,0.00,0.25,0.00
192670,A,4,4,1,20,0.60,0.00,0.40,0.00,0.00,0.00
192738,A,4,4,1,10,0.80,0.00,0.20,0.00,0.00,0.00
192763,A,5,5,1,10,1.00,0.00,0.00,0.00,0.00,0.00
192832,B,5,4,1,22,0.64,0.09,0.27,0.00,0.00,0.00
193399,B,4,5,1,8,0.75,0.25,0.00,0.00,0.00,0.00
193490,B,4,4,1,8,0.50,0.50,0.00,0.00,0.00,0.00
193557,A,6,5,1,6,0.33,0.67,0.00,0.00,0.00,0.00
194068,B,4,4,1,12,0.67,0.17,0.17,0.00,0.00,0.00
194098,B,4,4,1,8,0.75,0.25,0.00,0.00,0.00,0.00
194139,A,4,5,1,14,0.71,0.00,0.29,0.00,0.00,0.00
194370,A,4,5,1,16,0.75,0.00,0.25,0.00,0.00,0.00
194542,A,4,4,1,22,0.64,0.00,0.36,0.00,0.00,0.00
196106,A,4,5,1,24,0.67,0.00,0.33,0.00,0.00,0.00
196609,A,4,4,1,8,0.38,0.13,0.25,0.25,0.00,0.00
196771,A,4,4,1,8,0.50,0.00,0.00,0.00,0.50,0.00
196913,A,4,5,1,10,1.00,0.00,0.00,0.00,0.00,0.00
197007,A,5,5,1,8,0.00,0.75,0.00,0.25,0.00,0.00
197090,A,5,3,2,9,1.00,0.00,0.00,0.00,0.00,0.00
197154,A,4,4,1,24,0.67,0.00,0.33,0.00,0.00,0.00
197360,A,4,4,1,16,0.88,0.00,0.13,0.00,0.00,0.00
197498,A,1,3,1,6,0.67,0.00,0.33,0.00,0.00,0.00
197538,A,1,3,1,6,0.67,0.00,0.33,0.00,0.00,0.00
197564,C,3,4,1,2,0.00,1.00,0.00,0.00,0.00,0.00
197592,A,1,4,1,2,0.00,1.00,0.00,0.00,0.00,0.00
197627,A,2,4,1,2,0.00,1.00,0.00,0.00,0.00,0.00
197653,B,2,4,1,10,0.40,0.20,0.40,0.00,0.00,0.00
198490,A,1,2,1,6,0.67,0.00,0.33,0.00,0.00,0.00
198524,A,3,4,1,12,0.67,0.00,0.33,0.00,0.00,0.00
198527,A,4,5,1,16,0.88,0.00,0.13,0.00,0.00,0.00
198582,A,2,2,2,4,1.00,0.00,0.00,0.00,0.00,0.00
198694,B,2,4,1,9,0.56,0.33,0.11,0.00,0.00,0.00
198793,A,1,3,2,2,0.00,0.00,0.00,1.00,0.00,0.00
198962,A,2,4,1,4,0.00,0.00,1.00,0.00,0.00,0.00
198982,A,2,4,1,6,1.00,0.00,0.00,0.00,0.00,0.00
199034,A,1,3,2,2,1.00,0.00,0.00,0.00,0.00,0.00
199062,B,1,2,2,2,1.00,0.00,0.00,0.00,0.00,0.00
199095,B,2,4,1,8,0.00,0.50,0.50,0.00,0.00,0.00
199111,B,2,4,1,4,1.00,0.00,0.00,0.00,0.00,0.00
199152,B,3,4,1,9,1.00,0.00,0.00,0.00,0.00,0.00
199338,B,3,4,1,10,0.20,0.00,0.80,0.00,0.00,0.00
204608,B,2,4,1,8,0.75,0.00,0.25,0.00,0.00,0.00
204633,B,1,3,1,6,0.67,0.00,0.33,0.00,0.00,0.00
204653,B,2,4,1,12,0.67,0.00,0.33,0.00,0.00,0.00
204667,B,2,5,1,8,0.50,0.25,0.25,0.00,0.00,0.00
204679,B,1,4,1,6,0.67,0.00,0.33,0.00,0.00,0.00
204700,C,4,4,1,6,0.67,0.00,0.33,0.00,0.00,0.00
204725,B,3,3,1,4,0.50,0.50,0.00,0.00,0.00,0.00
204817,C,1,1,2,2,1.00,0.00,0.00,0.00,0.00,0.00
204841,C,3,4,2,6,0.67,0.00,0.33,0.00,0.00,0.00
204847,C,1,2,2,2,1.00,0.00,0.00,0.00,0.00,0.00
204856,C,1,1,2,6,0.67,0.00,0.33,0.00,0.00,0.00
204884,C,3,3,2,16,0.63,0.00,0.38,0.00,0.00,0.00
204897,C,1,1,2,2,1.00,0.00,0.00,0.00,0.00,0.00
206048,C,1,3,2,3,0.67,0.00,0.33,0.00,0.00,0.00
209909,C,1,3,1,10,0.40,0.00,0.60,0.00,0.00,0.00
213978,A,1,6,1,2,0.00,1.00,0.00,0.00,0.00,0.00
213982,C,1,4,2,8,0.50,0.00,0.50,0.00,0.00,0.00
213988,C,2,1,2,8,0.75,0.00,0.25,0.00,0.00,0.00
213997,C,2,2,2,4,0.50,0.00,0.00,0.00,0.50,0.00
214289,A,1,3,1,2,0.00,1.00,0.00,0.00,0.00,0.00
214291,C,1,2,1,7,0.71,0.00,0.29,0.00,0.00,0.00
236094,B,2,4,1,4,0.50,0.50,0.00,0.00,0.00,0.00
236105,C,4,4,1,12,0.50,0.00,0.33,0.00,0.00,0.17
236121,C,2,4,2,4,1.00,0.00,0.00,0.00,0.00,0.00
236128,A,2,4,1,5,0.60,0.40,0.00,0.00,0.00,0.00
236133,B,2,4,1,4,0.50,0.50,0.00,0.00,0.00,0.00
236146,A,3,4,1,10,0.40,0.40,0.20,0.00,0.00,0.00
236160,B,4,4,1,6,0.67,0.33,0.00,0.00,0.00,0.00
236165,A,1,3,1,2,0.00,1.00,0.00,0.00,0.00,0.00
236177,C,2,4,2,5,0.40,0.00,0.00,0.00,0.60,0.00
236180,C,3,3,1,8,0.50,0.00,0.50,0.00,0.00,0.00
236194,C,2,4,1,12,0.67,0.00,0.33,0.00,0.00,0.00
236202,A,2,4,1,2,0.00,1.00,0.00,0.00,0.00,0.00
236206,B,3,4,2,10,0.80,0.00,0.20,0.00,0.00,0.00
236214,C,3,3,1,2,1.00,0.00,0.00,0.00,0.00,0.00
236228,C,4,5,1,8,1.00,0.00,0.00,0.00,0.00,0.00
236232,C,2,3,2,2,0.00,0.00,1.00,0.00,0.00,0.00
236266,B,2,4,1,4,0.00,1.00,0.00,0.00,0.00,0.00
236268,C,1,3,2,6,0.50,0.00,0.33,0.00,0.00,0.17
236274,C,2,3,2,8,0.75,0.00,0.25,0.00,0.00,0.00
236279,B,2,4,1,4,0.50,0.50,0.00,0.00,0.00,0.00
236393,C,1,2,2,2,1.00,0.00,0.00,0.00,0.00,0.00
236973,C,2,3,2,2,1.00,0.00,0.00,0.00,0.00,0.00
236983,B,1,2,1,2,0.00,1.00,0.00,0.00,0.00,0.00
237092,C,3,4,1,6,1.00,0.00,0.00,0.00,0.00,0.00
237232,C,2,4,2,14,0.57,0.00,0.43,0.00,0.00,0.00
237250,C,2,4,1,4,0.00,1.00,0.00,0.00,0.00,0.00
237261,B,1,2,2,4,0.50,0.00,0.50,0.00,0.00,0.00
237843,B,2,6,1,7,0.43,0.00,0.57,0.00,0.00,0.00
237848,B,4,4,1,13,0.54,0.31,0.15,0.00,0.00,0.00
237856,B,2,1,2,4,1.00,0.00,0.00,0.00,0.00,0.00
237857,B,1,2,1,2,1.00,0.00,0.00,0.00,0.00,0.00
237860,B,2,1,2,2,1.00,0.00,0.00,0.00,0.00,0.00
237866,B,2,4,1,6,0.67,0.00,0.33,0.00,0.00,0.00
237869,B,2,1,2,4,1.00,0.00,0.00,0.00,0.00,0.00
237878,B,2,5,1,4,1.00,0.00,0.00,0.00,0.00,0.00
237890,A,4,5,1,20,0.70,0.10,0.20,0.00,0.00,0.00
237892,B,2,4,1,12,0.67,0.00,0.33,0.00,0.00,0.00
237904,B,3,4,1,8,1.00,0.00,0.00,0.00,0.00,0.00
237907,B,1,3,2,8,0.50,0.00,0.50,0.00,0.00,0.00
237917,B,3,3,2,5,1.00,0.00,0.00,0.00,0.00,0.00
237919,B,2,3,2,4,1.00,0.00,0.00,0.00,0.00,0.00
237931,B,2,2,2,6,1.00,0.00,0.00,0.00,0.00,0.00
237932,B,2,1,2,5,1.00,0.00,0.00,0.00,0.00,0.00
237948,B,2,3,2,10,0.80,0.00,0.20,0.00,0.00,0.00
237956,B,3,4,2,11,0.82,0.00,0.18,0.00,0.00,0.00
237961,B,2,1,2,4,1.00,0.00,0.00,0.00,0.00,0.00
237968,C,1,1,2,2,1.00,0.00,0.00,0.00,0.00,0.00
237978,B,2,5,1,10,0.40,0.20,0.40,0.00,0.00,0.00
237993,C,2,4,2,2,1.00,0.00,0.00,0.00,0.00,0.00
237999,C,2,4,2,4,0.50,0.00,0.00,0.00,0.50,0.00
238010,C,4,4,1,22,0.50,0.00,0.45,0.00,0.00,0.05
238023,C,3,4,1,12,0.67,0.00,0.33,0.00,0.00,0.00
238030,C,2,4,1,4,0.50,0.00,0.00,0.00,0.50,0.00
238033,C,4,5,1,12,0.67,0.00,0.33,0.00,0.00,0.00
238064,B,3,4,1,14,0.43,0.14,0.43,0.00,0.00,0.00
238073,C,1,1,2,2,1.00,0.00,0.00,0.00,0.00,0.00
238081,C,2,2,2,4,1.00,0.00,0.00,0.00,0.00,0.00
238106,B,4,4,1,14,0.57,0.14,0.29,0.00,0.00,0.00
238118,B,2,3,2,4,0.50,0.50,0.00,0.00,0.00,0.00
238130,B,2,2,1,6,1.00,0.00,0.00,0.00,0.00,0.00
238171,B,3,4,1,6,0.33,0.00,0.00,0.00,0.67,0.00
238176,B,1,2,2,2,1.00,0.00,0.00,0.00,0.00,0.00
238200,B,4,4,1,12,1.00,0.00,0.00,0.00,0.00,0.00
238210,B,2,3,2,4,1.00,0.00,0.00,0.00,0.00,0.00
238212,B,1,1,2,2,1.00,0.00,0.00,0.00,0.00,0.00
238241,B,4,4,1,11,0.73,0.00,0.27,0.00,0.00,0.00
238267,B,2,3,2,18,0.56,0.00,0.44,0.00,0.00,0.00
238320,B,2,2,2,5,0.60,0.00,0.00,0.00,0.40,0.00
238329,B,3,3,2,4,1.00,0.00,0.00,0.00,0.00,0.00
238365,B,3,4,1,17,0.65,0.00,0.35,0.00,0.00,0.00
238382,B,4,4,1,20,0.65,0.00,0.35,0.00,0.00,0.00
238386,B,3,4,1,8,0.75,0.00,0.00,0.00,0.25,0.00
238957,B,1,1,2,4,1.00,0.00,0.00,0.00,0.00,0.00
238972,B,2,3,2,8,0.75,0.00,0.25,0.00,0.00,0.00
238985,B,1,2,2,4,1.00,0.00,0.00,0.00,0.00,0.00
239034,B,4,4,1,16,0.75,0.00,0.25,0.00,0.00,0.00
239095,B,4,5,1,16,0.50,0.25,0.25,0.00,0.00,0.00
239114,B,1,1,2,2,1.00,0.00,0.00,0.00,0.00,0.00
239120,C,1,1,2,2,1.00,0.00,0.00,0.00,0.00,0.00
239136,C,2,2,1,6,0.83,0.00,0.17,0.00,0.00,0.00
239148,C,1,1,2,2,1.00,0.00,0.00,0.00,0.00,0.00
239175,C,2,4,2,12,0.67,0.00,0.33,0.00,0.00,0.00
239199,C,2,4,1,12,0.67,0.00,0.33,0.00,0.00,0.00
239214,C,1,2,2,6,0.67,0.00,0.33,0.00,0.00,0.00
239243,B,4,3,1,16,0.50,0.25,0.25,0.00,0.00,0.00
239280,B,4,4,1,16,0.50,0.25,0.25,0.00,0.00,0.00
239643,C,2,3,2,6,0.67,0.00,0.33,0.00,0.00,0.00
239727,C,2,3,2,8,0.50,0.00,0.50,0.00,0.00,0.00
239974,C,4,4,1,17,0.65,0.00,0.35,0.00,0.00,0.00
240014,B,3,5,1,8,0.50,0.25,0.25,0.00,0.00,0.00
240160,B,2,5,1,11,0.36,0.27,0.36,0.00,0.00,0.00
240213,A,4,4,1,9,0.56,0.22,0.22,0.00,0.00,0.00
240378,B,4,4,2,12,0.67,0.00,0.33,0.00,0.00,0.00
240384,B,3,5,1,14,0.57,0.14,0.29,0.00,0.00,0.00
240508,B,3,4,1,14,0.57,0.00,0.43,0.00,0.00,0.00
240532,B,3,5,1,16,0.50,0.00,0.50,0.00,0.00,0.00
240558,B,4,4,2,22,0.55,0.00,0.45,0.00,0.00,0.00
240568,B,2,1,2,2,1.00,0.00,0.00,0.00,0.00,0.00
240582,A,5,5,1,6,0.33,0.67,0.00,0.00,0.00,0.00
240592,A,3,4,1,18,0.44,0.11,0.44,0.00,0.00,0.00
240643,C,2,2,1,2,0.00,0.00,0.00,1.00,0.00,0.00
240659,C,1,2,2,2,1.00,0.00,0.00,0.00,0.00,0.00
240809,C,4,5,1,22,0.55,0.00,0.45,0.00,0.00,0.00
240852,A,4,5,1,17,0.53,0.12,0.35,0.00,0.00,0.00
241145,B,3,4,1,4,0.50,0.50,0.00,0.00,0.00,0.00
241153,C,2,3,2,4,1.00,0.00,0.00,0.00,0.00,0.00
241171,B,3,3,1,4,0.00,0.50,0.00,0.50,0.00,0.00
241175,A,2,2,2,4,0.50,0.00,0.00,0.00,0.50,0.00
241182,B,2,4,1,8,0.50,0.25,0.25,0.00,0.00,0.00
241195,A,3,4,1,5,0.60,0.00,0.20,0.20,0.00,0.00
241197,A,5,5,1,22,0.59,0.00,0.41,0.00,0.00,0.00
241205,A,2,4,1,8,0.75,0.00,0.25,0.00,0.00,0.00
241219,A,1,2,2,10,0.60,0.00,0.40,0.00,0.00,0.00
241223,A,2,1,2,12,0.67,0.00,0.33,0.00,0.00,0.00
241226,B,4,5,1,12,0.67,0.17,0.17,0.00,0.00,0.00
241228,A,2,3,2,5,0.60,0.00,0.00,0.00,0.40,0.00
241240,A,3,4,1,16,0.75,0.00,0.25,0.00,0.00,0.00
241251,A,1,3,2,3,0.33,0.00,0.00,0.67,0.00,0.00
241265,A,2,3,2,4,0.00,0.00,0.00,0.50,0.50,0.00
241268,A,4,5,2,18,0.44,0.00,0.33,0.00,0.22,0.00
241271,B,2,3,1,8,0.75,0.25,0.00,0.00,0.00,0.00
241288,B,2,3,1,6,0.50,0.33,0.17,0.00,0.00,0.00
241303,A,2,2,2,4,1.00,0.00,0.00,0.00,0.00,0.00
241307,A,2,3,2,2,1.00,0.00,0.00,0.00,0.00,0.00
241323,A,3,4,1,16,0.75,0.00,0.25,0.00,0.00,0.00
241326,A,3,4,1,11,0.82,0.00,0.18,0.00,0.00,0.00
241331,A,1,2,2,2,1.00,0.00,0.00,0.00,0.00,0.00
241337,A,2,2,2,2,1.00,0.00,0.00,0.00,0.00,0.00
241367,B,3,4,1,10,0.60,0.20,0.00,0.00,0.20,0.00
241377,A,2,2,2,8,0.75,0.00,0.25,0.00,0.00,0.00
241384,A,1,9,2,1,1.00,0.00,0.00,0.00,0.00,0.00
241385,A,3,5,1,9,0.78,0.22,0.00,0.00,0.00,0.00
241391,A,1,3,1,10,0.60,0.00,0.40,0.00,0.00,0.00
241395,A,4,2,2,12,0.83,0.00,0.17,0.00,0.00,0.00
241396,A,2,4,1,10,0.40,0.40,0.10,0.10,0.00,0.00
241397,A,2,3,2,2,1.00,0.00,0.00,0.00,0.00,0.00
241399,A,2,5,1,4,0.00,1.00,0.00,0.00,0.00,0.00
241401,A,1,1,2,3,1.00,0.00,0.00,0.00,0.00,0.00
241404,A,1,2,2,2,0.00,0.00,0.00,0.00,1.00,0.00
241405,A,2,3,2,2,1.00,0.00,0.00,0.00,0.00,0.00
241407,A,2,3,2,6,1.00,0.00,0.00,0.00,0.00,0.00
241408,A,1,2,1,6,0.67,0.00,0.33,0.00,0.00,0.00
241415,B,2,3,1,4,0.00,0.50,0.00,0.00,0.00,0.50
241423,A,2,3,2,6,1.00,0.00,0.00,0.00,0.00,0.00
241426,A,1,2,2,6,0.67,0.00,0.33,0.00,0.00,0.00
241430,B,3,4,1,8,0.25,0.50,0.13,0.13,0.00,0.00
241432,A,3,4,2,4,1.00,0.00,0.00,0.00,0.00,0.00
241438,B,4,4,1,6,0.67,0.33,0.00,0.00,0.00,0.00
241442,A,2,3,2,6,1.00,0.00,0.00,0.00,0.00,0.00
241447,A,2,3,1,4,1.00,0.00,0.00,0.00,0.00,0.00
241448,A,2,2,2,16,0.56,0.00,0.44,0.00,0.00,0.00
241452,B,4,5,1,12,0.67,0.33,0.00,0.00,0.00,0.00
241456,A,1,2,2,2,0.50,0.00,0.00,0.50,0.00,0.00
241457,A,3,4,1,22,0.55,0.00,0.45,0.00,0.00,0.00
241458,A,2,2,2,3,0.00,0.00,0.00,0.00,1.00,0.00
241460,A,2,1,2,10,0.60,0.00,0.40,0.00,0.00,0.00
241463,A,2,2,2,2,1.00,0.00,0.00,0.00,0.00,0.00
241466,A,1,2,2,4,1.00,0.00,0.00,0.00,0.00,0.00
241471,B,2,2,1,4,0.50,0.50,0.00,0.00,0.00,0.00
241478,A,3,4,1,18,0.72,0.00,0.22,0.06,0.00,0.00
241480,A,2,2,2,6,0.67,0.00,0.33,0.00,0.00,0.00
241482,A,2,4,2,4,0.75,0.00,0.00,0.25,0.00,0.00
241485,B,2,4,1,10,0.60,0.20,0.20,0.00,0.00,0.00
241487,B,3,5,1,14,0.71,0.14,0.14,0.00,0.00,0.00
241490,A,1,3,2,6,0.67,0.00,0.33,0.00,0.00,0.00
241497,A,1,2,2,4,1.00,0.00,0.00,0.00,0.00,0.00
241501,A,4,5,1,17,0.65,0.12,0.18,0.06,0.00,0.00
241502,A,1,2,2,3,1.00,0.00,0.00,0.00,0.00,0.00
241505,B,1,3,1,4,0.50,0.50,0.00,0.00,0.00,0.00
241508,A,2,4,2,14,0.57,0.00,0.43,0.00,0.00,0.00
241513,B,2,4,1,7,0.71,0.29,0.00,0.00,0.00,0.00
241518,B,3,4,1,4,0.50,0.50,0.00,0.00,0.00,0.00
241524,A,3,5,1,2,1.00,0.00,0.00,0.00,0.00,0.00
241529,A,1,2,2,2,1.00,0.00,0.00,0.00,0.00,0.00
241543,A,4,4,1,8,1.00,0.00,0.00,0.00,0.00,0.00
241552,A,3,5,1,19,0.68,0.00,0.32,0.00,0.00,0.00
241566,A,2,4,1,4,1.00,0.00,0.00,0.00,0.00,0.00
241568,A,3,3,2,18,0.56,0.00,0.44,0.00,0.00,0.00
241585,B,2,2,2,8,0.50,0.00,0.50,0.00,0.00,0.00
241590,B,2,2,1,2,1.00,0.00,0.00,0.00,0.00,0.00
241594,B,3,5,1,14,0.71,0.07,0.14,0.07,0.00,0.00
241599,B,2,2,1,4,0.50,0.50,0.00,0.00,0.00,0.00
241610,B,2,3,1,4,1.00,0.00,0.00,0.00,0.00,0.00
241635,B,2,3,2,12,0.67,0.00,0.33,0.00,0.00,0.00
241655,B,1,1,2,6,0.67,0.00,0.33,0.00,0.00,0.00
241656,B,2,1,2,4,0.00,0.00,1.00,0.00,0.00,0.00
241665,B,1,2,2,2,0.00,0.00,0.00,1.00,0.00,0.00
241675,B,1,1,2,8,0.50,0.00,0.50,0.00,0.00,0.00
241685,B,1,1,2,2,1.00,0.00,0.00,0.00,0.00,0.00
241696,C,2,2,2,8,0.50,0.00,0.50,0.00,0.00,0.00
241714,A,1,1,2,8,0.63,0.13,0.25,0.00,0.00,0.00
242216,C,5,4,1,10,0.60,0.00,0.40,0.00,0.00,0.00
242218,C,1,1,2,6,0.67,0.00,0.33,0.00,0.00,0.00
242231,C,4,4,1,14,0.57,0.00,0.43,0.00,0.00,0.00
242235,C,4,3,1,12,0.67,0.00,0.33,0.00,0.00,0.00
242236,A,5,5,1,16,0.50,0.13,0.38,0.00,0.00,0.00
242252,C,2,2,2,6,0.67,0.00,0.33,0.00,0.00,0.00
242256,B,6,6,1,16,0.50,0.25,0.25,0.00,0.00,0.00
242263,C,4,5,1,22,0.55,0.00,0.45,0.00,0.00,0.00
242265,C,3,3,2,8,0.50,0.00,0.50,0.00,0.00,0.00
242270,B,2,2,1,8,0.50,0.25,0.25,0.00,0.00,0.00
242274,C,3,4,2,9,0.56,0.00,0.44,0.00,0.00,0.00
242279,C,3,3,1,9,0.56,0.00,0.44,0.00,0.00,0.00
242280,B,3,4,1,10,0.40,0.20,0.40,0.00,0.00,0.00
242290,A,3,4,1,6,0.00,0.67,0.33,0.00,0.00,0.00
242301,B,5,5,1,16,0.50,0.25,0.25,0.00,0.00,0.00
242302,A,2,3,1,2,0.00,1.00,0.00,0.00,0.00,0.00
242304,C,3,4,1,14,0.57,0.00,0.43,0.00,0.00,0.00
242321,C,4,5,1,19,0.68,0.00,0.32,0.00,0.00,0.00
242325,C,4,5,1,19,0.68,0.00,0.32,0.00,0.00,0.00
242327,C,3,3,1,13,0.69,0.00,0.31,0.00,0.00,0.00
242353,C,3,5,1,26,0.46,0.00,0.54,0.00,0.00,0.00
242355,A,4,5,1,19,0.47,0.21,0.32,0.00,0.00,0.00
242362,C,2,2,2,2,0.00,0.00,1.00,0.00,0.00,0.00
242364,C,2,2,2,8,0.50,0.00,0.50,0.00,0.00,0.00
242573,B,4,4,1,14,0.29,0.14,0.29,0.29,0.00,0.00
242593,C,1,3,2,6,0.67,0.00,0.33,0.00,0.00,0.00
242607,B,4,5,1,33,0.52,0.00,0.48,0.00,0.00,0.00
242613,B,2,4,1,4,1.00,0.00,0.00,0.00,0.00,0.00
242630,A,4,5,1,10,0.40,0.40,0.20,0.00,0.00,0.00
242635,B,1,4,1,6,0.67,0.00,0.33,0.00,0.00,0.00
242644,B,2,2,1,4,1.00,0.00,0.00,0.00,0.00,0.00
242652,B,2,3,1,6,0.67,0.00,0.33,0.00,0.00,0.00
242656,B,4,4,1,10,0.40,0.20,0.20,0.00,0.20,0.00
242676,B,2,4,1,4,0.50,0.50,0.00,0.00,0.00,0.00
242686,B,2,5,1,8,0.50,0.00,0.50,0.00,0.00,0.00
242705,B,2,1,2,12,0.67,0.00,0.33,0.00,0.00,0.00
242727,B,2,4,2,8,0.75,0.00,0.25,0.00,0.00,0.00
242752,B,5,4,1,6,0.33,0.33,0.00,0.00,0.33,0.00
242774,B,3,4,1,4,0.50,0.50,0.00,0.00,0.00,0.00
242793,B,3,4,1,12,0.67,0.00,0.33,0.00,0.00,0.00
242816,B,3,4,1,7,0.14,0.29,0.00,0.00,0.43,0.14
242831,B,1,1,2,2,1.00,0.00,0.00,0.00,0.00,0.00
242892,B,4,9,2,10,0.60,0.00,0.40,0.00,0.00,0.00
242918,B,4,4,1,7,0.71,0.29,0.00,0.00,0.00,0.00
242977,B,2,9,2,12,0.50,0.00,0.50,0.00,0.00,0.00
243051,B,3,3,2,10,0.80,0.00,0.20,0.00,0.00,0.00
243064,B,1,3,2,6,0.67,0.00,0.33,0.00,0.00,0.00
243076,B,1,1,2,2,1.00,0.00,0.00,0.00,0.00,0.00
243093,A,4,4,1,9,0.56,0.22,0.00,0.22,0.00,0.00
243120,C,2,4,1,8,0.75,0.00,0.25,0.00,0.00,0.00
243133,C,2,3,2,8,0.50,0.00,0.50,0.00,0.00,0.00
243157,C,3,3,1,6,0.67,0.00,0.00,0.00,0.00,0.33
243189,A,2,4,1,4,0.00,1.00,0.00,0.00,0.00,0.00
243208,C,1,3,2,8,0.50,0.00,0.50,0.00,0.00,0.00
243241,B,4,4,1,14,0.57,0.14,0.29,0.00,0.00,0.00
243264,A,2,5,1,4,0.00,1.00,0.00,0.00,0.00,0.00
243284,A,1,3,1,2,0.00,1.00,0.00,0.00,0.00,0.00
243309,B,4,4,1,8,0.50,0.25,0.25,0.00,0.00,0.00
243368,C,3,4,2,12,0.67,0.00,0.33,0.00,0.00,0.00
243453,C,3,4,2,12,0.67,0.00,0.33,0.00,0.00,0.00
243505,A,2,4,1,4,0.00,1.00,0.00,0.00,0.00,0.00
243541,A,2,4,1,4,0.00,1.00,0.00,0.00,0.00,0.00
243561,A,2,4,1,4,0.00,1.00,0.00,0.00,0.00,0.00
243612,B,2,4,1,4,0.00,0.50,0.00,0.50,0.00,0.00
243647,B,3,4,1,10,0.40,0.20,0.40,0.00,0.00,0.00
243681,C,3,3,2,16,0.50,0.00,0.50,0.00,0.00,0.00
243712,B,3,4,1,12,0.50,0.17,0.33,0.00,0.00,0.00
244145,B,4,4,1,17,0.76,0.06,0.12,0.00,0.00,0.06
244290,C,2,2,1,14,0.57,0.00,0.43,0.00,0.00,0.00
244373,C,1,3,1,2,1.00,0.00,0.00,0.00,0.00,0.00
244667,B,1,3,2,6,0.67,0.00,0.33,0.00,0.00,0.00
244686,B,1,2,2,8,0.50,0.00,0.50,0.00,0.00,0.00
244713,B,2,5,1,10,0.60,0.00,0.40,0.00,0.00,0.00
244746,B,3,5,1,14,0.71,0.14,0.14,0.00,0.00,0.00
244765,B,3,3,1,6,0.67,0.33,0.00,0.00,0.00,0.00
244772,B,4,3,1,18,0.67,0.00,0.33,0.00,0.00,0.00
244898,B,3,4,1,10,0.60,0.00,0.20,0.00,0.20,0.00
244955,B,4,4,1,18,0.67,0.00,0.33,0.00,0.00,0.00
244993,A,5,5,1,20,0.60,0.10,0.30,0.00,0.00,0.00
245036,B,3,5,1,14,0.43,0.14,0.43,0.00,0.00,0.00
245058,C,3,5,1,6,1.00,0.00,0.00,0.00,0.00,0.00
245060,B,3,4,1,12,0.67,0.17,0.17,0.00,0.00,0.00
245089,B,4,5,1,14,0.71,0.14,0.14,0.00,0.00,0.00
245130,C,3,4,1,22,0.64,0.00,0.36,0.00,0.00,0.00
245158,C,1,3,2,6,0.67,0.00,0.33,0.00,0.00,0.00
245173,A,3,5,1,4,0.00,1.00,0.00,0.00,0.00,0.00
245185,C,4,3,2,6,0.67,0.00,0.00,0.00,0.33,0.00
245200,C,2,3,2,8,0.75,0.00,0.25,0.00,0.00,0.00
245281,B,4,4,1,10,0.60,0.20,0.20,0.00,0.00,0.00
245316,B,1,2,1,4,0.50,0.50,0.00,0.00,0.00,0.00
245317,B,2,4,1,9,0.44,0.33,0.22,0.00,0.00,0.00
245333,B,2,2,1,4,0.50,0.50,0.00,0.00,0.00,0.00
245348,C,3,4,2,13,0.54,0.00,0.15,0.00,0.31,0.00
245377,B,4,5,1,16,0.38,0.25,0.25,0.00,0.13,0.00
245388,C,1,2,2,6,0.67,0.00,0.33,0.00,0.00,0.00
245390,A,4,5,1,11,0.00,1.00,0.00,0.00,0.00,0.00
245401,B,4,5,1,12,0.50,0.50,0.00,0.00,0.00,0.00
245417,B,4,4,2,10,0.40,0.20,0.10,0.00,0.30,0.00
245420,C,2,3,1,11,0.82,0.00,0.18,0.00,0.00,0.00
245440,B,1,3,1,4,0.50,0.50,0.00,0.00,0.00,0.00
245454,B,2,2,1,6,0.67,0.33,0.00,0.00,0.00,0.00
245459,C,1,1,2,3,1.00,0.00,0.00,0.00,0.00,0.00
245489,C,3,1,2,22,0.55,0.00,0.45,0.00,0.00,0.00
245496,C,1,2,2,8,0.50,0.00,0.50,0.00,0.00,0.00
245499,C,2,2,2,2,1.00,0.00,0.00,0.00,0.00,0.00
245504,A,2,2,1,2,0.00,1.00,0.00,0.00,0.00,0.00
245511,C,3,5,1,6,0.67,0.00,0.33,0.00,0.00,0.00
245523,A,3,4,1,10,0.40,0.40,0.20,0.00,0.00,0.00
245538,C,3,3,2,4,0.50,0.00,0.00,0.00,0.50,0.00
245554,B,4,5,1,12,0.67,0.17,0.17,0.00,0.00,0.00
245568,A,4,4,1,18,0.44,0.11,0.44,0.00,0.00,0.00
245607,C,3,3,2,8,0.50,0.00,0.50,0.00,0.00,0.00
246139,C,2,2,2,2,1.00,0.00,0.00,0.00,0.00,0.00
246249,C,3,4,1,12,0.50,0.00,0.50,0.00,0.00,0.00
246337,C,2,5,2,14,0.57,0.00,0.43,0.00,0.00,0.00
246657,B,2,5,1,8,0.50,0.25,0.25,0.00,0.00,0.00
246740,C,3,4,1,8,0.75,0.00,0.25,0.00,0.00,0.00
246751,B,3,4,1,10,0.80,0.00,0.20,0.00,0.00,0.00
246772,B,3,5,1,21,0.57,0.00,0.43,0.00,0.00,0.00
246789,B,5,4,1,10,0.60,0.20,0.20,0.00,0.00,0.00
246800,B,3,5,1,10,0.60,0.20,0.20,0.00,0.00,0.00
246822,B,2,3,2,14,0.57,0.00,0.43,0.00,0.00,0.00
246832,B,2,4,1,10,0.60,0.00,0.40,0.00,0.00,0.00
246842,B,2,4,1,12,0.50,0.00,0.50,0.00,0.00,0.00
246866,B,3,4,1,13,0.69,0.00,0.31,0.00,0.00,0.00
246878,B,3,2,2,4,1.00,0.00,0.00,0.00,0.00,0.00
246931,B,4,5,1,14,0.43,0.14,0.29,0.00,0.14,0.00
246947,B,4,5,1,14,0.57,0.00,0.29,0.00,0.14,0.00
246956,B,1,2,2,8,0.50,0.00,0.50,0.00,0.00,0.00
246967,B,3,4,1,8,0.50,0.00,0.50,0.00,0.00,0.00
246971,B,2,3,2,6,0.67,0.00,0.33,0.00,0.00,0.00
247237,B,2,4,1,11,0.36,0.00,0.36,0.00,0.00,0.27
247255,B,3,3,1,10,0.40,0.20,0.40,0.00,0.00,0.00
247280,B,2,4,1,10,0.40,0.20,0.40,0.00,0.00,0.00
247286,B,2,4,2,17,0.59,0.00,0.41,0.00,0.00,0.00
247301,B,1,3,2,6,0.67,0.00,0.33,0.00,0.00,0.00
247305,B,2,5,1,4,0.50,0.50,0.00,0.00,0.00,0.00
247521,B,2,4,1,4,1.00,0.00,0.00,0.00,0.00,0.00
247569,B,4,4,1,14,0.57,0.00,0.43,0.00,0.00,0.00
247658,B,2,2,2,6,0.67,0.00,0.33,0.00,0.00,0.00
247727,A,4,3,1,20,0.40,0.10,0.40,0.00,0.10,0.00
247800,B,3,4,1,12,0.67,0.00,0.33,0.00,0.00,0.00
247827,B,2,4,2,8,0.50,0.00,0.50,0.00,0.00,0.00
247856,C,3,3,2,4,0.50,0.00,0.00,0.00,0.50,0.00
247876,C,2,2,2,12,0.67,0.00,0.33,0.00,0.00,0.00
247885,C,2,3,2,8,0.75,0.00,0.25,0.00,0.00,0.00
247889,C,2,1,2,4,1.00,0.00,0.00,0.00,0.00,0.00
247909,A,1,3,1,2,0.00,1.00,0.00,0.00,0.00,0.00
247923,B,3,4,1,4,0.50,0.50,0.00,0.00,0.00,0.00
247928,A,5,4,1,18,0.56,0.00,0.44,0.00,0.00,0.00
247935,A,2,5,2,8,0.50,0.00,0.50,0.00,0.00,0.00
247977,A,3,3,1,2,0.50,0.00,0.50,0.00,0.00,0.00
247995,B,5,4,1,23,0.39,0.09,0.52,0.00,0.00,0.00
248001,A,3,5,1,12,0.42,0.42,0.17,0.00,0.00,0.00
248018,A,2,2,2,4,0.50,0.00,0.00,0.00,0.50,0.00
248037,A,2,2,2,6,0.67,0.00,0.33,0.00,0.00,0.00
248099,B,4,4,1,12,0.33,0.50,0.17,0.00,0.00,0.00
248121,A,1,1,2,6,0.67,0.00,0.33,0.00,0.00,0.00
248146,A,2,3,2,10,0.60,0.00,0.40,0.00,0.00,0.00
248181,B,4,4,1,10,0.40,0.20,0.40,0.00,0.00,0.00
248208,A,4,2,1,6,1.00,0.00,0.00,0.00,0.00,0.00
248224,A,1,2,2,2,1.00,0.00,0.00,0.00,0.00,0.00
248238,B,4,3,1,8,0.75,0.25,0.00,0.00,0.00,0.00
248251,A,2,2,1,2,0.00,1.00,0.00,0.00,0.00,0.00
248258,A,2,2,2,2,0.00,0.00,0.00,0.00,1.00,0.00
248272,A,1,1,1,10,0.40,0.00,0.60,0.00,0.00,0.00
248279,A,2,3,2,6,0.67,0.00,0.00,0.00,0.33,0.00
248291,A,1,1,2,2,1.00,0.00,0.00,0.00,0.00,0.00
248326,B,4,4,1,8,0.50,0.25,0.00,0.00,0.00,0.25
248336,A,2,2,2,2,1.00,0.00,0.00,0.00,0.00,0.00
248343,A,3,4,1,16,0.63,0.13,0.25,0.00,0.00,0.00
248357,A,1,1,2,3,1.00,0.00,0.00,0.00,0.00,0.00
248372,A,3,3,2,2,1.00,0.00,0.00,0.00,0.00,0.00
248387,A,2,4,2,11,0.82,0.00,0.09,0.09,0.00,0.00
248401,A,2,2,2,5,1.00,0.00,0.00,0.00,0.00,0.00
248421,A,1,1,2,8,0.75,0.00,0.25,0.00,0.00,0.00
248439,A,4,5,1,16,0.63,0.00,0.25,0.00,0.13,0.00
248441,A,2,2,1,4,0.50,0.00,0.00,0.00,0.50,0.00
248453,A,2,2,1,4,0.75,0.00,0.00,0.00,0.00,0.25
248457,A,1,2,2,4,1.00,0.00,0.00,0.00,0.00,0.00
248479,A,2,3,2,7,0.71,0.00,0.29,0.00,0.00,0.00
248483,A,2,1,2,8,0.75,0.00,0.25,0.00,0.00,0.00
248496,A,1,1,2,2,1.00,0.00,0.00,0.00,0.00,0.00
248500,A,2,2,2,3,1.00,0.00,0.00,0.00,0.00,0.00
248522,A,2,2,2,4,0.00,1.00,0.00,0.00,0.00,0.00
248533,C,3,5,1,21,0.48,0.14,0.38,0.00,0.00,0.00
248539,A,1,2,2,3,1.00,0.00,0.00,0.00,0.00,0.00
248557,A,4,3,1,19,0.53,0.11,0.37,0.00,0.00,0.00
248563,B,3,5,1,15,0.60,0.27,0.13,0.00,0.00,0.00
248567,A,1,1,2,2,1.00,0.00,0.00,0.00,0.00,0.00
248569,A,5,5,1,1,1.00,0.00,0.00,0.00,0.00,0.00
248577,A,1,1,2,4,0.25,0.00,0.75,0.00,0.00,0.00
248584,A,2,1,2,6,0.67,0.00,0.33,0.00,0.00,0.00
248589,A,1,2,2,4,0.50,0.00,0.50,0.00,0.00,0.00
248595,A,1,1,2,2,1.00,0.00,0.00,0.00,0.00,0.00
248598,A,1,2,2,2,1.00,0.00,0.00,0.00,0.00,0.00
248613,A,1,9,2,2,1.00,0.00,0.00,0.00,0.00,0.00
248647,A,1,2,2,6,0.67,0.00,0.33,0.00,0.00,0.00
248660,A,1,1,2,4,0.50,0.00,0.50,0.00,0.00,0.00
248693,A,1,5,2,6,0.67,0.00,0.33,0.00,0.00,0.00
248700,A,2,3,1,10,0.60,0.00,0.20,0.00,0.20,0.00
248728,B,3,4,1,4,0.50,0.50,0.00,0.00,0.00,0.00
248740,A,1,2,1,3,1.00,0.00,0.00,0.00,0.00,0.00
248742,A,4,4,1,8,0.00,1.00,0.00,0.00,0.00,0.00
248765,A,2,3,1,4,0.50,0.00,0.00,0.00,0.50,0.00
248784,A,1,2,2,2,1.00,0.00,0.00,0.00,0.00,0.00
248789,A,1,3,2,10,0.40,0.00,0.60,0.00,0.00,0.00
248818,A,1,5,1,6,0.67,0.00,0.33,0.00,0.00,0.00
248869,A,4,5,1,16,0.50,0.13,0.38,0.00,0.00,0.00
248871,A,2,2,1,6,0.67,0.00,0.33,0.00,0.00,0.00
248885,A,1,3,1,2,1.00,0.00,0.00,0.00,0.00,0.00
248887,A,2,2,2,7,0.57,0.00,0.43,0.00,0.00,0.00
248990,A,1,1,2,2,1.00,0.00,0.00,0.00,0.00,0.00
249020,A,4,5,1,14,0.71,0.00,0.29,0.00,0.00,0.00
249105,A,4,9,1,12,0.83,0.00,0.17,0.00,0.00,0.00
249122,A,2,2,1,6,1.00,0.00,0.00,0.00,0.00,0.00
249301,B,1,3,2,4,1.00,0.00,0.00,0.00,0.00,0.00
249327,B,3,5,1,6,0.00,0.33,0.00,0.00,0.67,0.00
249340,B,3,4,1,22,0.55,0.00,0.45,0.00,0.00,0.00
249365,B,4,5,1,20,0.70,0.00,0.30,0.00,0.00,0.00
249378,B,3,5,1,8,0.50,0.50,0.00,0.00,0.00,0.00
249396,B,2,4,1,6,1.00,0.00,0.00,0.00,0.00,0.00
249420,B,3,4,2,5,1.00,0.00,0.00,0.00,0.00,0.00
249427,B,2,1,2,5,1.00,0.00,0.00,0.00,0.00,0.00
249444,B,2,3,1,4,1.00,0.00,0.00,0.00,0.00,0.00
249496,B,3,4,1,11,0.55,0.27,0.18,0.00,0.00,0.00
249533,B,2,3,2,6,1.00,0.00,0.00,0.00,0.00,0.00
249554,B,1,1,2,2,0.00,0.00,1.00,0.00,0.00,0.00
249558,B,2,2,2,4,1.00,0.00,0.00,0.00,0.00,0.00
249563,B,1,1,2,2,1.00,0.00,0.00,0.00,0.00,0.00
249583,B,3,4,1,6,1.00,0.00,0.00,0.00,0.00,0.00
250099,B,4,3,1,6,1.00,0.00,0.00,0.00,0.00,0.00
250142,C,3,5,1,14,0.57,0.14,0.29,0.00,0.00,0.00
250164,B,3,4,1,12,0.67,0.00,0.33,0.00,0.00,0.00
250186,B,4,4,1,12,0.67,0.17,0.17,0.00,0.00,0.00
250195,B,1,1,2,2,1.00,0.00,0.00,0.00,0.00,0.00
250210,B,1,1,2,2,1.00,0.00,0.00,0.00,0.00,0.00
250221,B,1,1,2,2,1.00,0.00,0.00,0.00,0.00,0.00
250232,B,1,1,2,2,1.00,0.00,0.00,0.00,0.00,0.00
250239,C,1,2,1,2,1.00,0.00,0.00,0.00,0.00,0.00
250276,C,3,4,2,10,0.40,0.00,0.60,0.00,0.00,0.00
250313,C,4,4,1,16,0.63,0.00,0.38,0.00,0.00,0.00
250324,C,2,1,2,4,1.00,0.00,0.00,0.00,0.00,0.00
250332,C,2,1,2,2,1.00,0.00,0.00,0.00,0.00,0.00
250341,C,2,1,2,2,1.00,0.00,0.00,0.00,0.00,0.00
250349,C,1,1,2,2,1.00,0.00,0.00,0.00,0.00,0.00
250357,C,2,1,2,2,1.00,0.00,0.00,0.00,0.00,0.00
250368,C,1,1,2,4,1.00,0.00,0.00,0.00,0.00,0.00
250386,B,4,4,1,6,1.00,0.00,0.00,0.00,0.00,0.00
250399,B,4,5,1,6,0.67,0.33,0.00,0.00,0.00,0.00
250407,A,2,4,1,2,0.00,1.00,0.00,0.00,0.00,0.00
250418,B,1,2,2,2,1.00,0.00,0.00,0.00,0.00,0.00
250423,B,3,4,1,8,0.75,0.25,0.00,0.00,0.00,0.00
250429,A,2,4,1,2,0.00,1.00,0.00,0.00,0.00,0.00
250437,B,2,2,1,4,1.00,0.00,0.00,0.00,0.00,0.00
250462,C,3,4,1,14,0.57,0.14,0.29,0.00,0.00,0.00
250474,C,4,4,1,8,0.75,0.25,0.00,0.00,0.00,0.00
250481,C,1,1,2,2,1.00,0.00,0.00,0.00,0.00,0.00
250493,B,3,4,1,4,0.50,0.50,0.00,0.00,0.00,0.00
250501,B,3,4,1,4,0.50,0.50,0.00,0.00,0.00,0.00
250512,C,2,4,1,4,1.00,0.00,0.00,0.00,0.00,0.00
250522,A,3,3,2,2,0.00,1.00,0.00,0.00,0.00,0.00
250546,C,2,2,1,4,1.00,0.00,0.00,0.00,0.00,0.00
250686,C,4,5,1,14,0.71,0.00,0.29,0.00,0.00,0.00
250732,A,4,4,1,16,0.50,0.13,0.38,0.00,0.00,0.00
250774,C,3,5,1,18,0.67,0.00,0.33,0.00,0.00,0.00
250834,C,5,4,1,20,0.60,0.00,0.40,0.00,0.00,0.00
250861,B,2,3,2,10,0.30,0.20,0.50,0.00,0.00,0.00
250893,C,4,4,1,8,0.75,0.25,0.00,0.00,0.00,0.00
250904,C,1,2,2,2,0.00,0.00,1.00,0.00,0.00,0.00
250930,C,2,4,1,4,0.50,0.00,0.50,0.00,0.00,0.00
250939,C,1,2,2,2,1.00,0.00,0.00,0.00,0.00,0.00
250956,B,3,3,1,20,0.50,0.00,0.50,0.00,0.00,0.00
250960,B,2,3,2,4,1.00,0.00,0.00,0.00,0.00,0.00
250980,B,4,5,1,34,0.74,0.00,0.26,0.00,0.00,0.00
251009,B,2,4,1,14,0.71,0.07,0.21,0.00,0.00,0.00
251016,B,2,3,2,9,0.67,0.00,0.33,0.00,0.00,0.00
251023,B,2,4,1,15,0.67,0.07,0.27,0.00,0.00,0.00
251024,A,2,5,1,10,0.40,0.40,0.20,0.00,0.00,0.00
251025,B,2,4,2,5,0.60,0.00,0.00,0.00,0.40,0.00
251026,A,2,5,1,6,0.33,0.67,0.00,0.00,0.00,0.00
251027,B,2,4,2,11,0.55,0.18,0.27,0.00,0.00,0.00
251028,B,2,4,2,11,0.82,0.00,0.18,0.00,0.00,0.00
251029,B,2,4,1,11,0.55,0.27,0.18,0.00,0.00,0.00
251030,B,2,5,1,8,1.00,0.00,0.00,0.00,0.00,0.00
251088,B,3,3,1,6,1.00,0.00,0.00,0.00,0.00,0.00
251094,A,3,5,1,13,0.31,0.23,0.46,0.00,0.00,0.00
251103,A,3,5,1,19,0.42,0.21,0.37,0.00,0.00,0.00
251120,A,3,5,1,9,0.78,0.22,0.00,0.00,0.00,0.00
251256,B,1,2,2,6,0.67,0.00,0.33,0.00,0.00,0.00
251278,A,4,6,1,6,0.00,1.00,0.00,0.00,0.00,0.00
251300,B,1,3,2,8,0.25,0.00,0.50,0.25,0.00,0.00
251497,C,2,5,1,7,0.71,0.00,0.29,0.00,0.00,0.00
251548,C,1,1,2,2,1.00,0.00,0.00,0.00,0.00,0.00
251584,C,2,1,2,7,0.71,0.00,0.29,0.00,0.00,0.00
251592,C,1,1,2,2,1.00,0.00,0.00,0.00,0.00,0.00
251616,C,3,4,2,4,1.00,0.00,0.00,0.00,0.00,0.00
251636,B,3,4,1,6,0.67,0.33,0.00,0.00,0.00,0.00
251663,B,4,4,1,12,0.50,0.17,0.17,0.00,0.17,0.00
251675,A,4,5,1,10,0.90,0.10,0.00,0.00,0.00,0.00
251682,C,1,2,2,6,0.67,0.00,0.33,0.00,0.00,0.00
251709,A,4,4,1,10,0.60,0.40,0.00,0.00,0.00,0.00
251741,B,4,4,1,10,0.80,0.20,0.00,0.00,0.00,0.00
251791,C,2,3,2,4,1.00,0.00,0.00,0.00,0.00,0.00
251800,C,2,3,2,4,1.00,0.00,0.00,0.00,0.00,0.00
251834,B,4,5,1,12,0.83,0.17,0.00,0.00,0.00,0.00
251844,C,1,1,2,2,1.00,0.00,0.00,0.00,0.00,0.00
251871,B,4,4,1,10,0.80,0.20,0.00,0.00,0.00,0.00
251898,A,2,2,1,2,0.00,1.00,0.00,0.00,0.00,0.00
251934,B,2,4,1,4,0.50,0.50,0.00,0.00,0.00,0.00
251937,C,3,4,1,8,0.50,0.25,0.25,0.00,0.00,0.00
251961,B,2,2,2,2,1.00,0.00,0.00,0.00,0.00,0.00
251968,A,1,2,1,2,0.00,1.00,0.00,0.00,0.00,0.00
251985,B,1,4,2,2,1.00,0.00,0.00,0.00,0.00,0.00
251991,A,3,5,1,3,0.33,0.67,0.00,0.00,0.00,0.00
252014,B,4,4,1,8,0.75,0.00,0.25,0.00,0.00,0.00
252024,B,2,2,2,2,1.00,0.00,0.00,0.00,0.00,0.00
252036,B,3,2,1,4,0.50,0.50,0.00,0.00,0.00,0.00
252042,B,2,2,2,4,1.00,0.00,0.00,0.00,0.00,0.00
252055,B,1,2,2,2,1.00,0.00,0.00,0.00,0.00,0.00
252060,A,3,3,1,2,0.00,1.00,0.00,0.00,0.00,0.00
252066,B,1,3,2,2,1.00,0.00,0.00,0.00,0.00,0.00
252067,B,3,4,2,20,0.60,0.00,0.40,0.00,0.00,0.00
252070,B,3,3,2,6,1.00,0.00,0.00,0.00,0.00,0.00
252095,A,4,4,1,18,0.56,0.11,0.33,0.00,0.00,0.00
252101,B,1,2,2,2,1.00,0.00,0.00,0.00,0.00,0.00
252108,B,1,2,2,2,1.00,0.00,0.00,0.00,0.00,0.00
252125,B,4,4,1,20,0.70,0.00,0.30,0.00,0.00,0.00
252131,B,4,5,1,12,0.83,0.00,0.00,0.00,0.17,0.00
252137,B,1,1,2,2,1.00,0.00,0.00,0.00,0.00,0.00
252141,B,3,4,2,9,0.78,0.00,0.22,0.00,0.00,0.00
252164,B,3,4,1,9,0.89,0.00,0.00,0.00,0.00,0.11
252201,B,2,4,2,6,1.00,0.00,0.00,0.00,0.00,0.00
252226,B,2,2,1,6,1.00,0.00,0.00,0.00,0.00,0.00
252388,B,3,5,1,20,0.40,0.10,0.50,0.00,0.00,0.00
252438,B,1,3,2,2,0.00,0.00,1.00,0.00,0.00,0.00
252443,B,1,4,1,4,0.00,0.50,0.50,0.00,0.00,0.00
252450,C,1,3,2,4,0.00,0.00,1.00,0.00,0.00,0.00
252455,A,2,4,1,4,0.00,1.00,0.00,0.00,0.00,0.00
252466,C,1,2,2,2,0.00,0.00,1.00,0.00,0.00,0.00
252480,A,4,4,1,18,0.56,0.11,0.33,0.00,0.00,0.00
252487,C,1,4,1,3,0.00,0.00,1.00,0.00,0.00,0.00
252490,C,1,3,2,2,0.00,0.00,1.00,0.00,0.00,0.00
252492,C,1,3,2,4,0.00,0.00,1.00,0.00,0.00,0.00
252494,C,5,5,2,44,0.45,0.00,0.55,0.00,0.00,0.00
252500,C,3,4,2,4,0.50,0.00,0.00,0.00,0.50,0.00
252507,C,3,4,1,10,0.00,0.00,1.00,0.00,0.00,0.00
252524,B,5,4,1,12,0.67,0.33,0.00,0.00,0.00,0.00
252533,B,3,5,2,19,0.53,0.05,0.42,0.00,0.00,0.00
252539,C,4,5,1,16,0.75,0.00,0.25,0.00,0.00,0.00
252542,B,4,5,1,30,0.57,0.03,0.40,0.00,0.00,0.00
252767,C,1,3,2,6,0.67,0.00,0.33,0.00,0.00,0.00
252771,C,2,3,2,10,0.60,0.00,0.40,0.00,0.00,0.00
252775,C,2,4,2,16,0.50,0.00,0.50,0.00,0.00,0.00
252778,A,2,3,1,2,0.00,1.00,0.00,0.00,0.00,0.00
252781,C,4,4,1,14,0.71,0.00,0.29,0.00,0.00,0.00
252785,B,2,4,1,10,0.40,0.20,0.40,0.00,0.00,0.00
252789,A,2,4,1,2,0.00,1.00,0.00,0.00,0.00,0.00
252793,C,4,3,1,16,0.50,0.00,0.50,0.00,0.00,0.00
253456,A,2,4,1,4,0.00,1.00,0.00,0.00,0.00,0.00
253460,A,2,4,1,2,0.00,1.00,0.00,0.00,0.00,0.00
253463,C,1,1,2,6,0.67,0.00,0.33,0.00,0.00,0.00
253469,C,2,3,1,2,0.00,0.00,1.00,0.00,0.00,0.00
253490,C,1,1,2,2,1.00,0.00,0.00,0.00,0.00,0.00
253495,C,2,4,1,8,0.50,0.25,0.25,0.00,0.00,0.00
253497,C,1,3,2,6,0.67,0.00,0.33,0.00,0.00,0.00
253500,B,2,5,1,4,0.50,0.50,0.00,0.00,0.00,0.00
253501,C,2,2,2,2,1.00,0.00,0.00,0.00,0.00,0.00
253502,C,2,4,1,2,1.00,0.00,0.00,0.00,0.00,0.00
253504,C,2,3,1,6,0.67,0.00,0.33,0.00,0.00,0.00
253506,A,3,4,1,8,0.50,0.25,0.25,0.00,0.00,0.00
253507,C,2,2,2,6,0.67,0.00,0.33,0.00,0.00,0.00
253509,C,2,9,2,2,1.00,0.00,0.00,0.00,0.00,0.00
253512,A,4,5,1,10,0.40,0.40,0.20,0.00,0.00,0.00
253514,C,2,4,2,10,0.60,0.00,0.30,0.10,0.00,0.00
253515,A,2,4,1,4,0.00,1.00,0.00,0.00,0.00,0.00
253517,A,3,4,1,8,0.50,0.25,0.25,0.00,0.00,0.00
253518,C,4,4,1,16,0.75,0.00,0.25,0.00,0.00,0.00
253526,C,2,3,1,4,1.00,0.00,0.00,0.00,0.00,0.00
253738,C,2,3,1,8,0.75,0.00,0.25,0.00,0.00,0.00
253740,A,3,1,2,12,0.67,0.00,0.33,0.00,0.00,0.00
253744,A,1,1,2,6,0.67,0.00,0.33,0.00,0.00,0.00
253746,A,2,4,1,4,0.00,1.00,0.00,0.00,0.00,0.00
253747,A,2,3,2,6,0.67,0.00,0.33,0.00,0.00,0.00
253748,A,1,2,2,2,0.00,0.00,1.00,0.00,0.00,0.00
253752,A,2,3,2,6,0.67,0.00,0.33,0.00,0.00,0.00
253753,A,2,3,1,2,1.00,0.00,0.00,0.00,0.00,0.00
253754,A,1,2,2,6,0.67,0.00,0.33,0.00,0.00,0.00
253766,A,2,3,2,4,1.00,0.00,0.00,0.00,0.00,0.00
253768,A,2,3,1,2,1.00,0.00,0.00,0.00,0.00,0.00
253776,A,2,1,2,5,0.40,0.00,0.40,0.20,0.00,0.00
253783,A,2,2,2,10,0.80,0.00,0.20,0.00,0.00,0.00
253787,B,2,3,1,4,1.00,0.00,0.00,0.00,0.00,0.00
253791,B,2,2,2,4,1.00,0.00,0.00,0.00,0.00,0.00
253796,B,1,2,1,3,1.00,0.00,0.00,0.00,0.00,0.00
253801,B,2,3,2,4,1.00,0.00,0.00,0.00,0.00,0.00
253802,B,2,2,1,4,1.00,0.00,0.00,0.00,0.00,0.00
253862,B,1,2,2,3,0.67,0.00,0.33,0.00,0.00,0.00
253959,B,3,2,2,8,0.75,0.00,0.25,0.00,0.00,0.00
253961,B,2,3,2,6,0.67,0.00,0.00,0.00,0.33,0.00
253966,B,2,1,2,2,1.00,0.00,0.00,0.00,0.00,0.00
253968,B,2,5,2,4,1.00,0.00,0.00,0.00,0.00,0.00
253970,B,2,3,2,2,1.00,0.00,0.00,0.00,0.00,0.00
253973,C,2,2,2,10,0.80,0.00,0.20,0.00,0.00,0.00
253974,C,1,1,2,2,1.00,0.00,0.00,0.00,0.00,0.00
253977,C,1,1,2,2,1.00,0.00,0.00,0.00,0.00,0.00
253979,C,2,1,1,4,1.00,0.00,0.00,0.00,0.00,0.00
253982,C,3,4,2,12,0.67,0.00,0.33,0.00,0.00,0.00
253985,C,4,5,1,10,0.80,0.00,0.20,0.00,0.00,0.00
253986,C,2,2,2,5,1.00,0.00,0.00,0.00,0.00,0.00
253990,A,3,5,1,8,0.50,0.25,0.25,0.00,0.00,0.00
253992,C,2,2,2,2,0.00,0.00,0.00,0.00,1.00,0.00
253995,C,2,3,1,4,1.00,0.00,0.00,0.00,0.00,0.00
253997,B,2,4,2,5,1.00,0.00,0.00,0.00,0.00,0.00
253999,B,2,2,2,2,1.00,0.00,0.00,0.00,0.00,0.00
254001,B,3,3,1,6,0.67,0.00,0.00,0.00,0.33,0.00
254013,B,2,2,1,6,1.00,0.00,0.00,0.00,0.00,0.00
254020,B,1,1,2,2,1.00,0.00,0.00,0.00,0.00,0.00
254039,B,2,3,2,4,1.00,0.00,0.00,0.00,0.00,0.00
254050,B,2,2,2,5,1.00,0.00,0.00,0.00,0.00,0.00
254064,B,5,3,1,10,0.70,0.00,0.20,0.10,0.00,0.00
254084,B,5,4,1,8,0.75,0.00,0.00,0.00,0.25,0.00
254088,B,1,2,2,4,1.00,0.00,0.00,0.00,0.00,0.00
254090,C,2,2,1,12,0.67,0.00,0.33,0.00,0.00,0.00
254091,C,2,3,1,13,0.69,0.00,0.31,0.00,0.00,0.00
254096,B,3,4,1,10,0.60,0.20,0.20,0.00,0.00,0.00
254097,A,2,3,1,4,0.00,1.00,0.00,0.00,0.00,0.00
254100,B,2,4,1,4,0.50,0.50,0.00,0.00,0.00,0.00
254108,C,2,3,1,8,0.75,0.00,0.25,0.00,0.00,0.00
254109,C,2,2,2,4,1.00,0.00,0.00,0.00,0.00,0.00
254111,A,5,5,1,8,0.50,0.38,0.00,0.13,0.00,0.00
254114,A,4,3,1,16,0.50,0.25,0.25,0.00,0.00,0.00
254115,C,2,3,2,10,0.60,0.00,0.40,0.00,0.00,0.00
254117,C,5,5,1,18,0.67,0.00,0.33,0.00,0.00,0.00
254120,C,3,3,2,8,0.75,0.00,0.25,0.00,0.00,0.00
254123,A,3,4,1,10,0.40,0.40,0.20,0.00,0.00,0.00
254126,C,4,4,1,12,0.50,0.00,0.17,0.33,0.00,0.00
254128,A,1,3,1,2,0.00,1.00,0.00,0.00,0.00,0.00
254140,A,2,2,1,2,0.00,1.00,0.00,0.00,0.00,0.00
254145,C,1,2,2,2,0.00,0.00,0.00,0.00,1.00,0.00
254149,A,3,4,1,2,0.00,1.00,0.00,0.00,0.00,0.00
254152,C,1,2,2,6,0.67,0.00,0.33,0.00,0.00,0.00
254155,A,3,4,1,2,0.00,1.00,0.00,0.00,0.00,0.00
254158,C,2,2,2,6,0.67,0.00,0.33,0.00,0.00,0.00
254167,C,1,1,2,2,1.00,0.00,0.00,0.00,0.00,0.00
254168,C,2,2,1,2,1.00,0.00,0.00,0.00,0.00,0.00
254170,C,3,3,1,11,0.82,0.00,0.18,0.00,0.00,0.00
254172,C,2,1,2,4,1.00,0.00,0.00,0.00,0.00,0.00
254173,C,2,3,1,8,0.75,0.00,0.25,0.00,0.00,0.00
254175,C,2,1,2,4,1.00,0.00,0.00,0.00,0.00,0.00
254176,B,2,2,1,4,0.50,0.50,0.00,0.00,0.00,0.00
254179,C,3,4,1,12,0.67,0.00,0.33,0.00,0.00,0.00
254180,B,1,1,2,2,0.00,0.00,0.00,0.00,1.00,0.00
254184,B,2,4,2,2,1.00,0.00,0.00,0.00,0.00,0.00
254185,B,3,3,1,13,0.62,0.08,0.31,0.00,0.00,0.00
254186,A,1,4,1,2,0.00,1.00,0.00,0.00,0.00,0.00
254189,C,1,2,2,2,1.00,0.00,0.00,0.00,0.00,0.00
254197,A,2,2,2,2,0.00,1.00,0.00,0.00,0.00,0.00
254198,C,3,1,2,4,1.00,0.00,0.00,0.00,0.00,0.00
254200,A,2,2,1,2,0.00,1.00,0.00,0.00,0.00,0.00
254203,A,2,2,1,4,0.25,0.75,0.00,0.00,0.00,0.00
254206,C,2,1,2,15,0.67,0.00,0.27,0.00,0.00,0.07
254208,A,4,2,1,4,0.00,1.00,0.00,0.00,0.00,0.00
254210,A,3,3,1,2,0.00,1.00,0.00,0.00,0.00,0.00
254212,C,2,3,2,2,1.00,0.00,0.00,0.00,0.00,0.00
254219,C,6,5,1,14,0.57,0.14,0.29,0.00,0.00,0.00
254220,C,1,2,2,2,1.00,0.00,0.00,0.00,0.00,0.00
254224,C,1,4,2,2,1.00,0.00,0.00,0.00,0.00,0.00
254236,C,1,1,2,2,1.00,0.00,0.00,0.00,0.00,0.00
254240,B,1,1,2,2,1.00,0.00,0.00,0.00,0.00,0.00
254245,A,3,3,1,2,0.00,1.00,0.00,0.00,0.00,0.00
254249,B,4,5,1,2,1.00,0.00,0.00,0.00,0.00,0.00
254255,B,2,1,2,4,1.00,0.00,0.00,0.00,0.00,0.00
254258,B,1,1,2,2,1.00,0.00,0.00,0.00,0.00,0.00
254261,B,2,2,2,2,0.00,0.00,0.00,0.00,1.00,0.00
254275,B,4,3,1,12,0.58,0.17,0.25,0.00,0.00,0.00
254278,B,1,1,2,2,0.00,0.00,1.00,0.00,0.00,0.00
254283,B,1,1,2,2,1.00,0.00,0.00,0.00,0.00,0.00
254286,C,2,2,1,4,1.00,0.00,0.00,0.00,0.00,0.00
254296,C,2,2,2,4,1.00,0.00,0.00,0.00,0.00,0.00
254301,C,3,3,1,10,0.80,0.00,0.20,0.00,0.00,0.00
254305,C,1,2,2,2,1.00,0.00,0.00,0.00,0.00,0.00
254306,C,1,2,2,2,1.00,0.00,0.00,0.00,0.00,0.00
254310,C,1,9,2,8,0.50,0.00,0.50,0.00,0.00,0.00
254314,C,1,1,2,6,0.67,0.00,0.33,0.00,0.00,0.00
254317,B,4,5,1,12,0.33,0.50,0.17,0.00,0.00,0.00
254322,C,2,1,2,6,0.67,0.00,0.33,0.00,0.00,0.00
254328,C,2,2,2,8,0.75,0.00,0.25,0.00,0.00,0.00
254333,C,2,2,1,8,0.75,0.00,0.25,0.00,0.00,0.00
254334,C,1,9,2,2,1.00,0.00,0.00,0.00,0.00,0.00
254336,C,3,3,2,8,0.75,0.00,0.25,0.00,0.00,0.00
254339,C,1,1,2,2,1.00,0.00,0.00,0.00,0.00,0.00
254345,B,3,3,2,12,0.50,0.08,0.42,0.00,0.00,0.00
254347,C,1,2,2,2,1.00,0.00,0.00,0.00,0.00,0.00
254348,C,2,2,2,6,0.67,0.00,0.33,0.00,0.00,0.00
254354,C,3,4,1,11,0.82,0.00,0.18,0.00,0.00,0.00
254400,C,3,4,1,14,0.71,0.00,0.29,0.00,0.00,0.00
254428,B,5,4,1,15,0.67,0.07,0.27,0.00,0.00,0.00
254469,C,3,2,1,11,0.82,0.00,0.18,0.00,0.00,0.00
254474,B,3,3,1,7,0.71,0.29,0.00,0.00,0.00,0.00
254479,B,3,3,1,7,0.43,0.57,0.00,0.00,0.00,0.00
254481,B,2,2,2,1,1.00,0.00,0.00,0.00,0.00,0.00
254483,B,4,4,1,12,0.50,0.17,0.33,0.00,0.00,0.00
254487,B,3,3,1,4,0.50,0.50,0.00,0.00,0.00,0.00
254491,B,4,4,1,13,0.69,0.15,0.15,0.00,0.00,0.00
254496,B,4,2,1,7,0.71,0.29,0.00,0.00,0.00,0.00
254498,B,4,3,1,17,0.71,0.00,0.24,0.06,0.00,0.00
254499,B,3,3,1,11,0.45,0.18,0.18,0.18,0.00,0.00
254504,B,2,3,1,4,0.50,0.50,0.00,0.00,0.00,0.00
254737,B,7,5,1,10,0.80,0.20,0.00,0.00,0.00,0.00
254738,B,3,5,1,4,0.50,0.50,0.00,0.00,0.00,0.00
254739,B,1,1,2,2,1.00,0.00,0.00,0.00,0.00,0.00
254743,B,2,2,2,3,1.00,0.00,0.00,0.00,0.00,0.00
254748,B,3,5,1,10,0.60,0.20,0.20,0.00,0.00,0.00
254749,B,1,2,2,6,0.67,0.00,0.33,0.00,0.00,0.00
254751,B,2,1,1,2,1.00,0.00,0.00,0.00,0.00,0.00
254761,B,3,5,1,2,1.00,0.00,0.00,0.00,0.00,0.00
254766,B,2,3,2,10,0.40,0.20,0.40,0.00,0.00,0.00
254772,B,1,3,2,2,1.00,0.00,0.00,0.00,0.00,0.00
254778,B,3,4,2,6,0.67,0.00,0.17,0.17,0.00,0.00
254780,B,4,5,2,16,0.75,0.00,0.25,0.00,0.00,0.00
254781,A,3,3,1,9,0.56,0.22,0.11,0.11,0.00,0.00
254791,B,3,5,1,8,0.50,0.00,0.50,0.00,0.00,0.00
254793,A,4,5,1,14,0.57,0.14,0.29,0.00,0.00,0.00
254798,A,3,4,1,2,0.00,1.00,0.00,0.00,0.00,0.00
254807,B,4,5,1,16,0.50,0.00,0.50,0.00,0.00,0.00
254812,B,4,4,2,14,0.86,0.00,0.14,0.00,0.00,0.00
254813,C,2,3,2,8,0.75,0.00,0.25,0.00,0.00,0.00
254818,A,2,5,1,7,0.57,0.14,0.29,0.00,0.00,0.00
254821,C,3,5,2,22,0.55,0.00,0.45,0.00,0.00,0.00
254823,C,2,3,1,2,1.00,0.00,0.00,0.00,0.00,0.00
254837,B,4,5,1,10,0.40,0.20,0.40,0.00,0.00,0.00
254847,C,2,1,2,6,0.67,0.00,0.33,0.00,0.00,0.00
254850,B,3,2,1,6,0.67,0.33,0.00,0.00,0.00,0.00
254865,B,2,3,1,4,0.50,0.50,0.00,0.00,0.00,0.00
254871,A,3,5,1,14,0.57,0.14,0.29,0.00,0.00,0.00
254873,C,3,3,1,6,0.67,0.00,0.33,0.00,0.00,0.00
254875,C,2,4,2,8,0.75,0.00,0.25,0.00,0.00,0.00
254876,C,1,1,2,2,1.00,0.00,0.00,0.00,0.00,0.00
254878,C,3,4,1,6,0.67,0.00,0.33,0.00,0.00,0.00
254890,C,2,1,2,2,1.00,0.00,0.00,0.00,0.00,0.00
254911,B,5,4,1,4,0.50,0.50,0.00,0.00,0.00,0.00
254914,A,1,2,2,2,1.00,0.00,0.00,0.00,0.00,0.00
254927,A,3,2,1,14,0.43,0.14,0.43,0.00,0.00,0.00
254930,A,2,3,1,2,0.00,1.00,0.00,0.00,0.00,0.00
254936,A,1,2,2,2,1.00,0.00,0.00,0.00,0.00,0.00
254939,A,3,4,2,22,0.45,0.00,0.55,0.00,0.00,0.00
254947,A,3,3,2,6,0.67,0.00,0.33,0.00,0.00,0.00
254948,A,3,3,1,2,0.00,1.00,0.00,0.00,0.00,0.00
254953,A,3,4,2,8,0.50,0.25,0.00,0.00,0.25,0.00
254954,A,4,4,2,16,0.63,0.00,0.38,0.00,0.00,0.00
254960,A,2,4,1,4,1.00,0.00,0.00,0.00,0.00,0.00
254962,A,2,3,1,2,1.00,0.00,0.00,0.00,0.00,0.00
254965,A,3,4,1,4,0.50,0.00,0.50,0.00,0.00,0.00
254971,A,2,4,2,8,0.75,0.00,0.25,0.00,0.00,0.00
254976,A,3,5,1,4,1.00,0.00,0.00,0.00,0.00,0.00
254985,A,2,2,2,8,0.50,0.00,0.50,0.00,0.00,0.00
254988,B,4,4,2,8,0.75,0.00,0.25,0.00,0.00,0.00
254995,B,2,4,1,4,0.00,0.50,0.00,0.00,0.00,0.50
255001,B,2,3,1,4,1.00,0.00,0.00,0.00,0.00,0.00
255006,B,2,4,1,12,0.58,0.00,0.42,0.00,0.00,0.00
255011,B,2,2,2,8,0.50,0.00,0.50,0.00,0.00,0.00
255016,B,3,4,2,5,0.60,0.00,0.40,0.00,0.00,0.00
255018,B,2,1,2,2,1.00,0.00,0.00,0.00,0.00,0.00
255020,C,2,3,2,8,0.50,0.00,0.50,0.00,0.00,0.00
255024,C,3,4,2,12,0.67,0.00,0.33,0.00,0.00,0.00
255032,C,2,1,2,2,1.00,0.00,0.00,0.00,0.00,0.00
255037,A,5,4,1,16,0.56,0.13,0.31,0.00,0.00,0.00
255038,C,1,3,1,6,0.67,0.00,0.33,0.00,0.00,0.00
255042,A,2,4,1,2,0.00,1.00,0.00,0.00,0.00,0.00
255053,A,2,3,1,8,0.50,0.25,0.25,0.00,0.00,0.00
255061,C,2,1,1,12,0.67,0.00,0.33,0.00,0.00,0.00
255063,C,1,1,2,2,1.00,0.00,0.00,0.00,0.00,0.00
255077,C,4,4,2,26,0.54,0.00,0.46,0.00,0.00,0.00
255094,C,2,4,1,14,0.57,0.00,0.43,0.00,0.00,0.00
255103,C,2,4,2,8,0.75,0.00,0.25,0.00,0.00,0.00
255151,C,3,4,2,10,0.60,0.00,0.40,0.00,0.00,0.00
255203,C,6,4,1,26,0.69,0.00,0.31,0.00,0.00,0.00
255212,C,2,2,2,2,1.00,0.00,0.00,0.00,0.00,0.00
255568,B,4,5,1,3,0.67,0.33,0.00,0.00,0.00,0.00
255577,C,2,3,1,4,1.00,0.00,0.00,0.00,0.00,0.00
255585,C,2,3,1,16,0.50,0.00,0.50,0.00,0.00,0.00
255593,C,3,3,2,6,0.67,0.00,0.33,0.00,0.00,0.00
255602,A,3,4,1,10,0.40,0.40,0.20,0.00,0.00,0.00
255613,C,4,3,2,4,1.00,0.00,0.00,0.00,0.00,0.00
255623,A,4,3,1,23,0.43,0.13,0.43,0.00,0.00,0.00
255632,C,4,4,2,20,0.60,0.00,0.40,0.00,0.00,0.00
255650,C,3,5,1,26,0.46,0.00,0.54,0.00,0.00,0.00
255658,B,5,4,1,22,0.55,0.00,0.45,0.00,0.00,0.00
255815,B,3,3,2,4,1.00,0.00,0.00,0.00,0.00,0.00
255881,A,2,4,1,2,0.00,1.00,0.00,0.00,0.00,0.00
255895,B,2,4,1,6,0.67,0.00,0.33,0.00,0.00,0.00
255918,B,3,4,1,10,0.60,0.20,0.20,0.00,0.00,0.00
255928,B,2,2,2,2,1.00,0.00,0.00,0.00,0.00,0.00
255933,B,1,1,2,2,1.00,0.00,0.00,0.00,0.00,0.00
255957,B,2,4,2,3,0.67,0.00,0.33,0.00,0.00,0.00
256023,B,4,5,1,10,0.80,0.00,0.20,0.00,0.00,0.00
256032,B,5,5,1,28,0.57,0.00,0.43,0.00,0.00,0.00
256047,C,4,4,1,5,0.80,0.00,0.20,0.00,0.00,0.00
256051,C,4,5,1,20,0.60,0.00,0.40,0.00,0.00,0.00
256052,A,4,6,1,7,0.00,1.00,0.00,0.00,0.00,0.00
256078,A,3,5,1,16,0.50,0.13,0.38,0.00,0.00,0.00
256189,C,5,5,1,14,0.57,0.00,0.43,0.00,0.00,0.00
256321,C,4,5,2,10,0.80,0.00,0.20,0.00,0.00,0.00
256580,C,1,1,2,2,1.00,0.00,0.00,0.00,0.00,0.00
256583,C,4,4,1,4,1.00,0.00,0.00,0.00,0.00,0.00
256661,A,3,4,1,7,0.57,0.43,0.00,0.00,0.00,0.00
256666,A,3,4,1,14,0.57,0.14,0.29,0.00,0.00,0.00
256667,C,2,3,1,4,1.00,0.00,0.00,0.00,0.00,0.00
256810,A,1,3,1,6,0.00,1.00,0.00,0.00,0.00,0.00
256812,B,2,3,2,6,0.67,0.00,0.33,0.00,0.00,0.00
256842,B,2,1,2,2,1.00,0.00,0.00,0.00,0.00,0.00
256849,B,4,5,1,25,0.76,0.00,0.24,0.00,0.00,0.00
256853,A,3,5,1,14,0.57,0.14,0.29,0.00,0.00,0.00
256857,B,4,5,2,18,0.67,0.00,0.33,0.00,0.00,0.00
256859,B,1,1,2,2,1.00,0.00,0.00,0.00,0.00,0.00
256868,B,5,3,1,8,0.50,0.50,0.00,0.00,0.00,0.00
256871,B,2,2,2,2,1.00,0.00,0.00,0.00,0.00,0.00
256875,B,2,2,2,7,1.00,0.00,0.00,0.00,0.00,0.00
256879,A,3,3,1,6,0.50,0.50,0.00,0.00,0.00,0.00
256887,A,3,3,1,10,0.30,0.50,0.00,0.00,0.20,0.00
256891,A,2,3,1,6,0.33,0.50,0.17,0.00,0.00,0.00
256898,B,1,1,2,2,1.00,0.00,0.00,0.00,0.00,0.00
256901,B,2,2,1,6,1.00,0.00,0.00,0.00,0.00,0.00
256903,C,2,2,2,4,0.50,0.00,0.25,0.25,0.00,0.00
256906,C,2,2,1,4,1.00,0.00,0.00,0.00,0.00,0.00
256910,B,3,4,1,6,0.67,0.33,0.00,0.00,0.00,0.00
256920,C,3,4,2,14,0.71,0.00,0.29,0.00,0.00,0.00
256930,C,4,5,1,8,0.75,0.00,0.25,0.00,0.00,0.00
256931,A,3,4,1,9,0.56,0.44,0.00,0.00,0.00,0.00
256944,A,2,4,1,8,0.75,0.13,0.00,0.13,0.00,0.00
256950,A,3,3,1,4,0.50,0.50,0.00,0.00,0.00,0.00
256951,C,2,2,2,5,1.00,0.00,0.00,0.00,0.00,0.00
256968,A,3,4,1,12,0.67,0.25,0.08,0.00,0.00,0.00
256974,B,3,4,1,7,0.43,0.57,0.00,0.00,0.00,0.00
256986,C,2,1,2,2,1.00,0.00,0.00,0.00,0.00,0.00
256987,C,2,4,1,10,0.60,0.00,0.40,0.00,0.00,0.00
256990,C,1,1,2,2,1.00,0.00,0.00,0.00,0.00,0.00
257002,C,2,3,2,2,1.00,0.00,0.00,0.00,0.00,0.00
257007,C,2,1,1,8,0.75,0.00,0.25,0.00,0.00,0.00
257008,C,2,3,2,2,1.00,0.00,0.00,0.00,0.00,0.00
257012,C,1,1,2,2,1.00,0.00,0.00,0.00,0.00,0.00
257014,C,1,2,2,4,1.00,0.00,0.00,0.00,0.00,0.00
257016,C,1,1,2,6,0.67,0.00,0.33,0.00,0.00,0.00
257017,B,3,4,1,11,0.36,0.27,0.36,0.00,0.00,0.00
257018,C,4,5,1,18,0.67,0.00,0.33,0.00,0.00,0.00
257019,C,1,2,2,2,1.00,0.00,0.00,0.00,0.00,0.00
257020,C,1,1,2,2,1.00,0.00,0.00,0.00,0.00,0.00
257021,A,1,2,2,4,0.50,0.50,0.00,0.00,0.00,0.00
257022,A,2,2,1,2,0.00,1.00,0.00,0.00,0.00,0.00
257024,C,1,1,2,2,1.00,0.00,0.00,0.00,0.00,0.00
257025,B,3,5,1,11,0.36,0.18,0.36,0.09,0.00,0.00
257026,A,1,3,1,4,0.50,0.50,0.00,0.00,0.00,0.00
257027,C,2,1,2,8,0.50,0.00,0.50,0.00,0.00,0.00
257032,C,1,1,2,2,1.00,0.00,0.00,0.00,0.00,0.00
257036,C,2,2,1,4,1.00,0.00,0.00,0.00,0.00,0.00
257037,C,5,3,1,18,0.67,0.00,0.33,0.00,0.00,0.00
257039,B,4,5,1,12,0.67,0.17,0.17,0.00,0.00,0.00
257041,C,1,1,2,2,1.00,0.00,0.00,0.00,0.00,0.00
257042,C,2,2,2,4,1.00,0.00,0.00,0.00,0.00,0.00
257043,C,2,1,2,12,0.50,0.00,0.50,0.00,0.00,0.00
257045,C,1,1,2,6,0.67,0.00,0.33,0.00,0.00,0.00
257046,C,2,3,1,8,0.75,0.00,0.25,0.00,0.00,0.00
257048,C,3,3,1,17,0.53,0.00,0.47,0.00,0.00,0.00
257049,C,2,1,2,10,0.40,0.00,0.60,0.00,0.00,0.00
257052,C,1,2,2,2,1.00,0.00,0.00,0.00,0.00,0.00
257056,B,4,4,1,12,0.67,0.17,0.17,0.00,0.00,0.00
257057,C,2,2,2,9,0.67,0.00,0.33,0.00,0.00,0.00
257058,C,2,4,1,8,0.75,0.00,0.25,0.00,0.00,0.00
257061,C,3,1,2,2,1.00,0.00,0.00,0.00,0.00,0.00
257067,B,3,3,1,12,0.33,0.17,0.50,0.00,0.00,0.00
257068,C,1,2,2,6,0.67,0.00,0.33,0.00,0.00,0.00
257071,C,1,1,2,7,0.71,0.00,0.29,0.00,0.00,0.00
257072,C,1,1,2,8,0.50,0.00,0.50,0.00,0.00,0.00
257075,C,1,1,2,2,1.00,0.00,0.00,0.00,0.00,0.00
257077,C,3,2,2,8,0.75,0.00,0.25,0.00,0.00,0.00
257079,C,1,1,2,2,1.00,0.00,0.00,0.00,0.00,0.00
257081,C,1,2,2,2,1.00,0.00,0.00,0.00,0.00,0.00
257085,C,2,3,1,12,0.83,0.00,0.17,0.00,0.00,0.00
257087,C,3,2,1,4,1.00,0.00,0.00,0.00,0.00,0.00
257089,C,2,2,2,4,1.00,0.00,0.00,0.00,0.00,0.00
257090,C,1,2,2,6,0.67,0.00,0.33,0.00,0.00,0.00
257091,C,1,1,2,2,1.00,0.00,0.00,0.00,0.00,0.00
257094,C,3,3,1,14,0.57,0.00,0.43,0.00,0.00,0.00
257097,C,1,1,2,6,0.67,0.00,0.33,0.00,0.00,0.00
257098,C,3,3,2,16,0.63,0.00,0.38,0.00,0.00,0.00
257099,C,2,2,2,12,0.67,0.00,0.33,0.00,0.00,0.00
257100,B,4,5,1,9,0.22,0.56,0.22,0.00,0.00,0.00
257104,B,4,4,1,10,0.60,0.20,0.20,0.00,0.00,0.00
257106,B,3,5,1,20,0.50,0.15,0.35,0.00,0.00,0.00
257108,A,2,3,1,4,0.50,0.50,0.00,0.00,0.00,0.00
257110,C,2,2,2,4,0.50,0.00,0.00,0.00,0.50,0.00
257117,C,1,1,2,2,1.00,0.00,0.00,0.00,0.00,0.00
257120,C,1,2,2,2,1.00,0.00,0.00,0.00,0.00,0.00
257123,A,6,3,1,8,0.75,0.25,0.00,0.00,0.00,0.00
257127,C,4,5,1,16,0.75,0.00,0.25,0.00,0.00,0.00
257128,A,1,2,1,2,0.00,1.00,0.00,0.00,0.00,0.00
257134,C,3,4,2,13,0.69,0.00,0.31,0.00,0.00,0.00
257144,C,1,2,2,2,0.00,0.00,0.00,0.00,1.00,0.00
257145,B,3,4,1,10,0.60,0.20,0.20,0.00,0.00,0.00
257147,A,3,3,1,4,0.50,0.50,0.00,0.00,0.00,0.00
257152,C,4,4,2,20,0.40,0.00,0.60,0.00,0.00,0.00
257154,C,1,1,2,2,1.00,0.00,0.00,0.00,0.00,0.00
257157,C,2,2,2,4,1.00,0.00,0.00,0.00,0.00,0.00
257159,C,2,2,1,8,0.75,0.00,0.25,0.00,0.00,0.00
257160,C,1,1,2,2,1.00,0.00,0.00,0.00,0.00,0.00
257162,C,3,3,1,4,1.00,0.00,0.00,0.00,0.00,0.00
257170,A,4,4,1,2,0.00,1.00,0.00,0.00,0.00,0.00
257177,B,3,4,1,10,0.60,0.20,0.20,0.00,0.00,0.00
257182,C,1,3,2,6,0.67,0.00,0.33,0.00,0.00,0.00
257209,C,1,1,1,5,0.80,0.00,0.20,0.00,0.00,0.00
257212,C,4,3,2,22,0.64,0.00,0.36,0.00,0.00,0.00
257219,A,1,4,1,3,0.00,1.00,0.00,0.00,0.00,0.00
257234,A,2,4,1,8,0.50,0.38,0.13,0.00,0.00,0.00
257247,A,4,4,1,2,0.00,1.00,0.00,0.00,0.00,0.00
257256,C,2,4,2,6,1.00,0.00,0.00,0.00,0.00,0.00
257268,C,3,3,1,6,1.00,0.00,0.00,0.00,0.00,0.00
257291,C,3,3,2,12,0.83,0.00,0.17,0.00,0.00,0.00
257295,A,2,4,1,2,0.00,1.00,0.00,0.00,0.00,0.00
257303,C,3,3,2,6,1.00,0.00,0.00,0.00,0.00,0.00
257313,A,2,4,1,2,0.00,1.00,0.00,0.00,0.00,0.00
257314,A,2,4,1,2,0.50,0.50,0.00,0.00,0.00,0.00
257319,A,2,5,1,2,0.00,1.00,0.00,0.00,0.00,0.00
257327,A,3,4,1,4,0.00,1.00,0.00,0.00,0.00,0.00
257347,C,3,2,1,2,0.00,0.00,1.00,0.00,0.00,0.00
257349,C,2,2,1,2,1.00,0.00,0.00,0.00,0.00,0.00
257361,A,2,3,1,2,0.00,1.00,0.00,0.00,0.00,0.00
257367,C,2,1,1,8,0.75,0.00,0.25,0.00,0.00,0.00
257382,C,3,4,1,22,0.55,0.00,0.45,0.00,0.00,0.00
257388,C,2,1,2,2,1.00,0.00,0.00,0.00,0.00,0.00
257394,B,5,4,1,17,0.47,0.18,0.35,0.00,0.00,0.00
257395,A,2,2,1,2,0.00,1.00,0.00,0.00,0.00,0.00
257398,C,1,1,2,2,1.00,0.00,0.00,0.00,0.00,0.00
257403,A,2,2,1,4,0.00,1.00,0.00,0.00,0.00,0.00
257406,C,1,2,2,6,0.67,0.00,0.33,0.00,0.00,0.00
257409,C,2,1,2,2,1.00,0.00,0.00,0.00,0.00,0.00
257415,C,2,1,2,8,0.75,0.00,0.25,0.00,0.00,0.00
257430,A,2,4,1,8,0.63,0.38,0.00,0.00,0.00,0.00
257743,C,2,1,2,2,1.00,0.00,0.00,0.00,0.00,0.00
257834,C,1,1,2,3,1.00,0.00,0.00,0.00,0.00,0.00
257845,C,1,1,2,6,0.67,0.00,0.33,0.00,0.00,0.00
257851,C,2,3,2,2,1.00,0.00,0.00,0.00,0.00,0.00
257856,C,2,3,2,2,0.00,0.00,1.00,0.00,0.00,0.00
257862,C,2,3,2,4,1.00,0.00,0.00,0.00,0.00,0.00
257868,C,1,2,2,6,0.67,0.00,0.33,0.00,0.00,0.00
257873,C,2,3,1,6,0.67,0.00,0.33,0.00,0.00,0.00
257924,C,1,3,2,4,1.00,0.00,0.00,0.00,0.00,0.00
257927,C,1,1,2,3,1.00,0.00,0.00,0.00,0.00,0.00
257930,C,1,2,2,8,0.50,0.00,0.50,0.00,0.00,0.00
257935,C,6,4,2,18,0.78,0.00,0.22,0.00,0.00,0.00
257937,C,3,3,1,15,0.60,0.00,0.40,0.00,0.00,0.00
257939,C,4,3,1,16,0.50,0.00,0.38,0.00,0.13,0.00
257940,C,2,1,2,8,0.50,0.00,0.50,0.00,0.00,0.00
257942,A,4,3,1,2,0.00,1.00,0.00,0.00,0.00,0.00
257944,C,4,4,1,9,0.67,0.00,0.33,0.00,0.00,0.00
257948,C,3,2,1,10,0.40,0.00,0.60,0.00,0.00,0.00
257950,C,1,1,2,8,0.50,0.00,0.50,0.00,0.00,0.00
257952,C,3,3,1,6,1.00,0.00,0.00,0.00,0.00,0.00
257953,C,2,3,1,4,1.00,0.00,0.00,0.00,0.00,0.00
257955,C,2,2,2,3,1.00,0.00,0.00,0.00,0.00,0.00
257957,C,2,2,2,4,1.00,0.00,0.00,0.00,0.00,0.00
257959,C,3,2,2,14,0.71,0.00,0.29,0.00,0.00,0.00
257961,C,4,4,1,16,0.63,0.00,0.38,0.00,0.00,0.00
257963,C,3,3,1,19,0.63,0.00,0.37,0.00,0.00,0.00
257965,A,2,3,1,4,0.00,0.50,0.00,0.00,0.50,0.00
257966,C,2,2,2,4,1.00,0.00,0.00,0.00,0.00,0.00
257968,C,1,1,2,2,1.00,0.00,0.00,0.00,0.00,0.00
257971,C,3,2,2,10,0.80,0.00,0.20,0.00,0.00,0.00
257973,C,2,2,2,4,1.00,0.00,0.00,0.00,0.00,0.00
257975,C,2,2,2,4,1.00,0.00,0.00,0.00,0.00,0.00
257977,C,2,3,2,5,1.00,0.00,0.00,0.00,0.00,0.00
257978,B,4,3,1,12,0.67,0.17,0.17,0.00,0.00,0.00
257983,A,2,4,1,10,0.40,0.40,0.20,0.00,0.00,0.00
257990,B,3,3,1,9,0.44,0.33,0.22,0.00,0.00,0.00
257992,C,2,2,2,2,1.00,0.00,0.00,0.00,0.00,0.00
257995,C,3,3,1,9,0.44,0.00,0.33,0.22,0.00,0.00
258011,C,2,2,2,10,0.80,0.00,0.20,0.00,0.00,0.00
258018,B,4,4,1,20,0.55,0.10,0.35,0.00,0.00,0.00
258024,C,2,1,2,9,0.44,0.00,0.22,0.00,0.33,0.00
258032,C,4,2,1,7,0.71,0.00,0.29,0.00,0.00,0.00
258151,B,6,4,1,12,0.67,0.33,0.00,0.00,0.00,0.00
258160,A,2,4,1,4,0.00,1.00,0.00,0.00,0.00,0.00
258182,A,4,5,1,10,0.40,0.40,0.20,0.00,0.00,0.00
258183,C,4,4,2,21,0.52,0.00,0.48,0.00,0.00,0.00
258185,B,4,4,1,10,0.40,0.20,0.20,0.00,0.20,0.00
258198,C,1,1,2,3,1.00,0.00,0.00,0.00,0.00,0.00
258199,C,3,4,1,21,0.81,0.00,0.19,0.00,0.00,0.00
258200,C,1,1,2,5,1.00,0.00,0.00,0.00,0.00,0.00
258389,C,1,1,2,6,0.67,0.00,0.33,0.00,0.00,0.00
258393,A,2,4,1,4,0.50,0.50,0.00,0.00,0.00,0.00
